=== STEP sha256: sh -c echo '9998574057400c7a75f483ba3f3cdb14f8824b28fb62eceacdec5327eda7d909  /Users/sumit/opt/CAPD-2f06098.tar.gz' | shasum -a 256 -c -
/Users/sumit/opt/CAPD-2f06098.tar.gz: OK
=== STEP sha256 ok
=== STEP extract: tar xzf /Users/sumit/opt/CAPD-2f06098.tar.gz -C /Users/sumit/opt/capd-src-2f06098 --strip-components 1
=== STEP extract ok
gate open Sun Oct 11 06:01:11 IST 2026
=== STEP configure: cmake .. -DCMAKE_PREFIX_PATH=/opt/homebrew -DCMAKE_CXX_FLAGS=-I/opt/homebrew/include -DCMAKE_C_FLAGS=-I/opt/homebrew/include -DCMAKE_EXE_LINKER_FLAGS=-L/opt/homebrew/lib -DCMAKE_SHARED_LINKER_FLAGS=-L/opt/homebrew/lib -DCAPD_INTERVAL_TYPE=NATIVE -DCAPD_ENABLE_MULTIPRECISION=ON -DCAPD_BUILD_EXAMPLES=ON -DCAPD_BUILD_TESTS=ON -DCMAKE_INSTALL_PREFIX=/Users/sumit/opt/capd-2f06098-install
-- The C compiler identification is AppleClang 21.0.0.21000101
-- The CXX compiler identification is AppleClang 21.0.0.21000101
-- Detecting C compiler ABI info
-- Detecting C compiler ABI info - done
-- Check for working C compiler: /usr/bin/cc - skipped
-- Detecting C compile features
-- Detecting C compile features - done
-- Detecting CXX compiler ABI info
-- Detecting CXX compiler ABI info - done
-- Check for working CXX compiler: /usr/bin/c++ - skipped
-- Detecting CXX compile features
-- Detecting CXX compile features - done
-- CMake version: 4.4.4
-- CAPD version : 6.1.0
-- Build CAPD tests    : ON
-- Build CAPD examples : ON
-- CAPD multiprecision : ON
-- CAPD interval type  : NATIVE
-- Library `mpfr` found.
-- Library `gmp` found.
CMake Warning (policy) at capdMake/cmake/CAPD_functions.cmake:25 (find_package):
  Policy CMP0167 is not set: The FindBoost module is removed.  Run "cmake
  --help-policy CMP0167" for policy details.  Use the cmake_policy command to
  set the policy and suppress this warning.
Call Stack (most recent call first):
  capdAlg/tests/basicalg/CMakeLists.txt:1 (build_boost_test_executable_monofile)
This warning is for project developers.  Use -Wno-author or -Wno-policy to
suppress it.

-- Found Boost: /opt/homebrew/lib/cmake/Boost-1.92.0/BoostConfig.cmake (found version "1.92.0") found components: unit_test_framework
CMake Warning (policy) at capdMake/cmake/CAPD_functions.cmake:25 (find_package):
  Policy CMP0167 is not set: The FindBoost module is removed.  Run "cmake
  --help-policy CMP0167" for policy details.  Use the cmake_policy command to
  set the policy and suppress this warning.
Call Stack (most recent call first):
  capdAlg/tests/complex/CMakeLists.txt:1 (build_boost_test_executable_monofile)
This warning is for project developers.  Use -Wno-author or -Wno-policy to
suppress it.

CMake Warning (policy) at capdMake/cmake/CAPD_functions.cmake:25 (find_package):
  Policy CMP0167 is not set: The FindBoost module is removed.  Run "cmake
  --help-policy CMP0167" for policy details.  Use the cmake_policy command to
  set the policy and suppress this warning.
Call Stack (most recent call first):
  capdAlg/tests/complex/CMakeLists.txt:2 (build_boost_test_executable_monofile)
This warning is for project developers.  Use -Wno-author or -Wno-policy to
suppress it.

CMake Warning (policy) at capdMake/cmake/CAPD_functions.cmake:25 (find_package):
  Policy CMP0167 is not set: The FindBoost module is removed.  Run "cmake
  --help-policy CMP0167" for policy details.  Use the cmake_policy command to
  set the policy and suppress this warning.
Call Stack (most recent call first):
  capdAlg/tests/intervalTest/CMakeLists.txt:1 (build_boost_test_executable_monofile)
This warning is for project developers.  Use -Wno-author or -Wno-policy to
suppress it.

CMake Warning (policy) at capdMake/cmake/CAPD_functions.cmake:54 (find_package):
  Policy CMP0167 is not set: The FindBoost module is removed.  Run "cmake
  --help-policy CMP0167" for policy details.  Use the cmake_policy command to
  set the policy and suppress this warning.
Call Stack (most recent call first):
  capdAlg/tests/vecttst/CMakeLists.txt:5 (build_boost_test_executable)
This warning is for project developers.  Use -Wno-author or -Wno-policy to
suppress it.

CMake Warning (policy) at capdMake/cmake/CAPD_functions.cmake:54 (find_package):
  Policy CMP0167 is not set: The FindBoost module is removed.  Run "cmake
  --help-policy CMP0167" for policy details.  Use the cmake_policy command to
  set the policy and suppress this warning.
Call Stack (most recent call first):
  capdAlg/tests/vecttst/CMakeLists.txt:6 (build_boost_test_executable)
This warning is for project developers.  Use -Wno-author or -Wno-policy to
suppress it.

CMake Warning (policy) at capdMake/cmake/CAPD_functions.cmake:25 (find_package):
  Policy CMP0167 is not set: The FindBoost module is removed.  Run "cmake
  --help-policy CMP0167" for policy details.  Use the cmake_policy command to
  set the policy and suppress this warning.
Call Stack (most recent call first):
  capdDynSys/tests/nonAutTest/CMakeLists.txt:1 (build_boost_test_executable_monofile)
This warning is for project developers.  Use -Wno-author or -Wno-policy to
suppress it.

CMake Warning (policy) at capdMake/cmake/CAPD_functions.cmake:25 (find_package):
  Policy CMP0167 is not set: The FindBoost module is removed.  Run "cmake
  --help-policy CMP0167" for policy details.  Use the cmake_policy command to
  set the policy and suppress this warning.
Call Stack (most recent call first):
  capdDynSys/tests/BasicCnTaylorTest/CMakeLists.txt:1 (build_boost_test_executable_monofile)
This warning is for project developers.  Use -Wno-author or -Wno-policy to
suppress it.

CMake Warning (policy) at capdMake/cmake/CAPD_functions.cmake:25 (find_package):
  Policy CMP0167 is not set: The FindBoost module is removed.  Run "cmake
  --help-policy CMP0167" for policy details.  Use the cmake_policy command to
  set the policy and suppress this warning.
Call Stack (most recent call first):
  capdDynSys/tests/diffIncl/CMakeLists.txt:1 (build_boost_test_executable_monofile)
This warning is for project developers.  Use -Wno-author or -Wno-policy to
suppress it.

CMake Warning (policy) at capdMake/cmake/CAPD_functions.cmake:25 (find_package):
  Policy CMP0167 is not set: The FindBoost module is removed.  Run "cmake
  --help-policy CMP0167" for policy details.  Use the cmake_policy command to
  set the policy and suppress this warning.
Call Stack (most recent call first):
  capdDynSys/tests/BasicCurveMaskTest/CMakeLists.txt:1 (build_boost_test_executable_monofile)
This warning is for project developers.  Use -Wno-author or -Wno-policy to
suppress it.

CMake Warning (policy) at capdMake/cmake/CAPD_functions.cmake:25 (find_package):
  Policy CMP0167 is not set: The FindBoost module is removed.  Run "cmake
  --help-policy CMP0167" for policy details.  Use the cmake_policy command to
  set the policy and suppress this warning.
Call Stack (most recent call first):
  capdDynSys/tests/BasicCurveMaskTest/CMakeLists.txt:2 (build_boost_test_executable_monofile)
This warning is for project developers.  Use -Wno-author or -Wno-policy to
suppress it.

CMake Warning (policy) at capdMake/cmake/CAPD_functions.cmake:25 (find_package):
  Policy CMP0167 is not set: The FindBoost module is removed.  Run "cmake
  --help-policy CMP0167" for policy details.  Use the cmake_policy command to
  set the policy and suppress this warning.
Call Stack (most recent call first):
  capdDynSys/tests/BasicCurveMaskTest/CMakeLists.txt:3 (build_boost_test_executable_monofile)
This warning is for project developers.  Use -Wno-author or -Wno-policy to
suppress it.

CMake Warning (policy) at capdMake/cmake/CAPD_functions.cmake:25 (find_package):
  Policy CMP0167 is not set: The FindBoost module is removed.  Run "cmake
  --help-policy CMP0167" for policy details.  Use the cmake_policy command to
  set the policy and suppress this warning.
Call Stack (most recent call first):
  capdDynSys/tests/BasicSolverMaskTest/CMakeLists.txt:1 (build_boost_test_executable_monofile)
This warning is for project developers.  Use -Wno-author or -Wno-policy to
suppress it.

CMake Warning (policy) at capdMake/cmake/CAPD_functions.cmake:25 (find_package):
  Policy CMP0167 is not set: The FindBoost module is removed.  Run "cmake
  --help-policy CMP0167" for policy details.  Use the cmake_policy command to
  set the policy and suppress this warning.
Call Stack (most recent call first):
  capdDynSys/tests/BasicSolverMaskTest/CMakeLists.txt:2 (build_boost_test_executable_monofile)
This warning is for project developers.  Use -Wno-author or -Wno-policy to
suppress it.

CMake Warning (policy) at capdMake/cmake/CAPD_functions.cmake:25 (find_package):
  Policy CMP0167 is not set: The FindBoost module is removed.  Run "cmake
  --help-policy CMP0167" for policy details.  Use the cmake_policy command to
  set the policy and suppress this warning.
Call Stack (most recent call first):
  capdDynSys/tests/BasicSolverMaskTest/CMakeLists.txt:3 (build_boost_test_executable_monofile)
This warning is for project developers.  Use -Wno-author or -Wno-policy to
suppress it.

CMake Warning (policy) at capdMake/cmake/CAPD_functions.cmake:54 (find_package):
  Policy CMP0167 is not set: The FindBoost module is removed.  Run "cmake
  --help-policy CMP0167" for policy details.  Use the cmake_policy command to
  set the policy and suppress this warning.
Call Stack (most recent call first):
  capdDynSys/tests/map/CMakeLists.txt:1 (build_boost_test_executable)
This warning is for project developers.  Use -Wno-author or -Wno-policy to
suppress it.

CMake Warning (policy) at capdMake/cmake/CAPD_functions.cmake:25 (find_package):
  Policy CMP0167 is not set: The FindBoost module is removed.  Run "cmake
  --help-policy CMP0167" for policy details.  Use the cmake_policy command to
  set the policy and suppress this warning.
Call Stack (most recent call first):
  capdDynSys/tests/dynset/CMakeLists.txt:1 (build_boost_test_executable_monofile)
This warning is for project developers.  Use -Wno-author or -Wno-policy to
suppress it.

CMake Warning (policy) at capdMake/cmake/CAPD_functions.cmake:25 (find_package):
  Policy CMP0167 is not set: The FindBoost module is removed.  Run "cmake
  --help-policy CMP0167" for policy details.  Use the cmake_policy command to
  set the policy and suppress this warning.
Call Stack (most recent call first):
  capdDynSys/tests/dynset/CMakeLists.txt:2 (build_boost_test_executable_monofile)
This warning is for project developers.  Use -Wno-author or -Wno-policy to
suppress it.

CMake Warning (policy) at capdMake/cmake/CAPD_functions.cmake:25 (find_package):
  Policy CMP0167 is not set: The FindBoost module is removed.  Run "cmake
  --help-policy CMP0167" for policy details.  Use the cmake_policy command to
  set the policy and suppress this warning.
Call Stack (most recent call first):
  capdDynSys/tests/dynset/CMakeLists.txt:3 (build_boost_test_executable_monofile)
This warning is for project developers.  Use -Wno-author or -Wno-policy to
suppress it.

CMake Warning (policy) at capdMake/cmake/CAPD_functions.cmake:25 (find_package):
  Policy CMP0167 is not set: The FindBoost module is removed.  Run "cmake
  --help-policy CMP0167" for policy details.  Use the cmake_policy command to
  set the policy and suppress this warning.
Call Stack (most recent call first):
  capdDynSys/tests/dynset/CMakeLists.txt:4 (build_boost_test_executable_monofile)
This warning is for project developers.  Use -Wno-author or -Wno-policy to
suppress it.

CMake Warning (policy) at capdMake/cmake/CAPD_functions.cmake:25 (find_package):
  Policy CMP0167 is not set: The FindBoost module is removed.  Run "cmake
  --help-policy CMP0167" for policy details.  Use the cmake_policy command to
  set the policy and suppress this warning.
Call Stack (most recent call first):
  capdDynSys/tests/dynset/CMakeLists.txt:5 (build_boost_test_executable_monofile)
This warning is for project developers.  Use -Wno-author or -Wno-policy to
suppress it.

CMake Warning (policy) at capdMake/cmake/CAPD_functions.cmake:25 (find_package):
  Policy CMP0167 is not set: The FindBoost module is removed.  Run "cmake
  --help-policy CMP0167" for policy details.  Use the cmake_policy command to
  set the policy and suppress this warning.
Call Stack (most recent call first):
  capdDynSys/tests/dynset/CMakeLists.txt:6 (build_boost_test_executable_monofile)
This warning is for project developers.  Use -Wno-author or -Wno-policy to
suppress it.

CMake Warning (policy) at capdMake/cmake/CAPD_functions.cmake:25 (find_package):
  Policy CMP0167 is not set: The FindBoost module is removed.  Run "cmake
  --help-policy CMP0167" for policy details.  Use the cmake_policy command to
  set the policy and suppress this warning.
Call Stack (most recent call first):
  capdDynSys/tests/dynset/CMakeLists.txt:7 (build_boost_test_executable_monofile)
This warning is for project developers.  Use -Wno-author or -Wno-policy to
suppress it.

CMake Warning (policy) at capdMake/cmake/CAPD_functions.cmake:25 (find_package):
  Policy CMP0167 is not set: The FindBoost module is removed.  Run "cmake
  --help-policy CMP0167" for policy details.  Use the cmake_policy command to
  set the policy and suppress this warning.
Call Stack (most recent call first):
  capdDynSys/tests/dynset/CMakeLists.txt:8 (build_boost_test_executable_monofile)
This warning is for project developers.  Use -Wno-author or -Wno-policy to
suppress it.

CMake Warning (policy) at capdMake/cmake/CAPD_functions.cmake:25 (find_package):
  Policy CMP0167 is not set: The FindBoost module is removed.  Run "cmake
  --help-policy CMP0167" for policy details.  Use the cmake_policy command to
  set the policy and suppress this warning.
Call Stack (most recent call first):
  capdDynSys/tests/dynset/CMakeLists.txt:9 (build_boost_test_executable_monofile)
This warning is for project developers.  Use -Wno-author or -Wno-policy to
suppress it.

CMake Warning (policy) at capdMake/cmake/CAPD_functions.cmake:25 (find_package):
  Policy CMP0167 is not set: The FindBoost module is removed.  Run "cmake
  --help-policy CMP0167" for policy details.  Use the cmake_policy command to
  set the policy and suppress this warning.
Call Stack (most recent call first):
  capdDynSys/tests/dynset/CMakeLists.txt:10 (build_boost_test_executable_monofile)
This warning is for project developers.  Use -Wno-author or -Wno-policy to
suppress it.

CMake Warning (policy) at capdMake/cmake/CAPD_functions.cmake:54 (find_package):
  Policy CMP0167 is not set: The FindBoost module is removed.  Run "cmake
  --help-policy CMP0167" for policy details.  Use the cmake_policy command to
  set the policy and suppress this warning.
Call Stack (most recent call first):
  capdDynSys/tests/SolverGetStepTest/CMakeLists.txt:1 (build_boost_test_executable)
This warning is for project developers.  Use -Wno-author or -Wno-policy to
suppress it.

CMake Warning (policy) at capdMake/cmake/CAPD_functions.cmake:54 (find_package):
  Policy CMP0167 is not set: The FindBoost module is removed.  Run "cmake
  --help-policy CMP0167" for policy details.  Use the cmake_policy command to
  set the policy and suppress this warning.
Call Stack (most recent call first):
  capdDynSys/tests/ReversibleSolverTest/CMakeLists.txt:1 (build_boost_test_executable)
This warning is for project developers.  Use -Wno-author or -Wno-policy to
suppress it.

CMake Warning (policy) at capdMake/cmake/CAPD_functions.cmake:25 (find_package):
  Policy CMP0167 is not set: The FindBoost module is removed.  Run "cmake
  --help-policy CMP0167" for policy details.  Use the cmake_policy command to
  set the policy and suppress this warning.
Call Stack (most recent call first):
  capdDynSys/tests/ReversiblePoincareMapTest/CMakeLists.txt:1 (build_boost_test_executable_monofile)
This warning is for project developers.  Use -Wno-author or -Wno-policy to
suppress it.

CMake Warning (policy) at capdMake/cmake/CAPD_functions.cmake:54 (find_package):
  Policy CMP0167 is not set: The FindBoost module is removed.  Run "cmake
  --help-policy CMP0167" for policy details.  Use the cmake_policy command to
  set the policy and suppress this warning.
Call Stack (most recent call first):
  capdDynSys/tests/CnSolverTest/CMakeLists.txt:1 (build_boost_test_executable)
This warning is for project developers.  Use -Wno-author or -Wno-policy to
suppress it.

CMake Warning (policy) at capdMake/cmake/CAPD_functions.cmake:54 (find_package):
  Policy CMP0167 is not set: The FindBoost module is removed.  Run "cmake
  --help-policy CMP0167" for policy details.  Use the cmake_policy command to
  set the policy and suppress this warning.
Call Stack (most recent call first):
  capdDynSys/tests/MapMaskTest/CMakeLists.txt:1 (build_boost_test_executable)
This warning is for project developers.  Use -Wno-author or -Wno-policy to
suppress it.

CMake Warning (policy) at capdMake/cmake/CAPD_functions.cmake:25 (find_package):
  Policy CMP0167 is not set: The FindBoost module is removed.  Run "cmake
  --help-policy CMP0167" for policy details.  Use the cmake_policy command to
  set the policy and suppress this warning.
Call Stack (most recent call first):
  capdDynSys/tests/PoincareMapMaskTest/CMakeLists.txt:1 (build_boost_test_executable_monofile)
This warning is for project developers.  Use -Wno-author or -Wno-policy to
suppress it.

CMake Warning (policy) at capdMake/cmake/CAPD_functions.cmake:25 (find_package):
  Policy CMP0167 is not set: The FindBoost module is removed.  Run "cmake
  --help-policy CMP0167" for policy details.  Use the cmake_policy command to
  set the policy and suppress this warning.
Call Stack (most recent call first):
  capdDynSys/tests/SingularNaturalPowerTest/CMakeLists.txt:1 (build_boost_test_executable_monofile)
This warning is for project developers.  Use -Wno-author or -Wno-policy to
suppress it.

-- Configuring done (0.9s)
-- Generating done (0.2s)
-- Build files have been written to: /Users/sumit/opt/capd-src-2f06098/build
=== STEP configure ok
=== STEP build: /usr/bin/time -l make -j2
[  0%] Building CXX object CMakeFiles/capd.dir/capdExt/src/capd/alglib/blas.cpp.o
[  0%] Building CXX object CMakeFiles/capd.dir/capdExt/src/capd/alglib/ap.cpp.o
[  1%] Building CXX object CMakeFiles/capd.dir/capdExt/src/capd/alglib/reflections.cpp.o
[  1%] Building CXX object CMakeFiles/capd.dir/capdExt/src/capd/alglib/hsschur.cpp.o
[  1%] Building CXX object CMakeFiles/capd.dir/capdExt/src/capd/alglib/nsevd.cpp.o
[  1%] Building CXX object CMakeFiles/capd.dir/capdExt/src/capd/alglib/hessenberg.cpp.o
[  2%] Building CXX object CMakeFiles/capd.dir/capdExt/src/capd/alglib/rotations.cpp.o
[  2%] Building CXX object CMakeFiles/capd.dir/capdAux/src/capd/auxil/ofstreamcout.cpp.o
[  2%] Building CXX object CMakeFiles/capd.dir/capdAux/src/capd/auxil/skipCommentsIstream.cpp.o
[  3%] Building CXX object CMakeFiles/capd.dir/capdAux/src/capd/auxil/ApplicationDesc.cpp.o
[  3%] Building CXX object CMakeFiles/capd.dir/capdAux/src/capd/auxil/arg.cpp.o
[  3%] Building CXX object CMakeFiles/capd.dir/capdAux/src/capd/auxil/logger_deprecated.cpp.o
[  3%] Building CXX object CMakeFiles/capd.dir/capdAux/src/capd/auxil/CAPDConfig.cpp.o
[  4%] Building CXX object CMakeFiles/capd.dir/capdAux/src/capd/auxil/memSize.cpp.o
[  4%] Building CXX object CMakeFiles/capd.dir/capdAux/src/capd/auxil/timeused.cpp.o
[  4%] Building CXX object CMakeFiles/capd.dir/capdAlg/src/capd/basicalg/factrial.cpp.o
[  5%] Building CXX object CMakeFiles/capd.dir/capdAlg/src/capd/basicalg/ieeePrimitive.cpp.o
[  5%] Building CXX object CMakeFiles/capd.dir/capdAlg/src/capd/intervals/DoubleInterval.cpp.o
[  5%] Building CXX object CMakeFiles/capd.dir/capdAlg/src/capd/matrixAlgorithms/floatMatrixAlgorithms.cpp.o
In file included from /Users/sumit/opt/capd-src-2f06098/capdAlg/src/capd/intervals/DoubleInterval.cpp:22:
In file included from /Users/sumit/opt/capd-src-2f06098/capdAlg/include/capd/intervals/Interval.hpp:33:
/Users/sumit/opt/capd-src-2f06098/capdAlg/include/capd/intervals/Interval_Fun.hpp:440:15: warning: implicit conversion from 'type' (aka 'long') to 'double' changes value from 9223372036854775807 to 9223372036854775808 [-Wimplicit-const-int-float-conversion]
  440 |     if(temp > std::numeric_limits<long>::max())
      |             ~ ^~~~~~~~~~~~~~~~~~~~~~~~~~~~~~~~
/Users/sumit/opt/capd-src-2f06098/capdAlg/src/capd/intervals/DoubleInterval.cpp:49:25: note: in instantiation of function template specialization 'capd::intervals::sin<double, capd::rounding::DoubleRounding>' requested here
   49 | template DoubleInterval sin <double, DoubleRounding>(const DoubleInterval& x);
      |                         ^
1 warning generated.
[  5%] Building CXX object CMakeFiles/capd.dir/capdAlg/src/capd/matrixAlgorithms/intMatrixAlgorithms.cpp.o
[  6%] Building CXX object CMakeFiles/capd.dir/capdAlg/src/capd/rings/Zp.cpp.o
[  6%] Building CXX object CMakeFiles/capd.dir/capdAlg/src/capd/rounding/DoubleRounding.cpp.o
[  6%] Building CXX object CMakeFiles/capd.dir/capdAlg/src/capd/vectalg/Multiindex.cpp.o
[  6%] Building CXX object CMakeFiles/capd.dir/capdAlg/src/capd/vectalg/DVector.cpp.o
[  7%] Building CXX object CMakeFiles/capd.dir/capdAlg/src/capd/vectalg/DMatrix.cpp.o
[  7%] Building CXX object CMakeFiles/capd.dir/capdAlg/src/capd/vectalg/ZVector.cpp.o
[  7%] Building CXX object CMakeFiles/capd.dir/capdAlg/src/capd/vectalg/IVector.cpp.o
[  8%] Building CXX object CMakeFiles/capd.dir/capdAlg/src/capd/vectalg/Container.cpp.o
[  8%] Building CXX object CMakeFiles/capd.dir/capdAlg/src/capd/vectalg/LDVector.cpp.o
[  8%] Building CXX object CMakeFiles/capd.dir/capdAlg/src/capd/vectalg/LDMatrix.cpp.o
[  8%] Building CXX object CMakeFiles/capd.dir/capdAlg/src/capd/vectalg/IMatrix.cpp.o
[  9%] Building CXX object CMakeFiles/capd.dir/capdAlg/src/capd/vectalg/Norm.cpp.o
[  9%] Building CXX object CMakeFiles/capd.dir/capdAlg/src/mpcapd/intervals/MpInterval.cpp.o
[  9%] Building CXX object CMakeFiles/capd.dir/capdAlg/src/mpcapd/matrixAlgorithms/floatMatrixAlgorithms.cpp.o
In file included from /Users/sumit/opt/capd-src-2f06098/capdAlg/src/mpcapd/matrixAlgorithms/floatMatrixAlgorithms.cpp:15:
In file included from /Users/sumit/opt/capd-src-2f06098/capdAlg/include/capd/vectalg/mplib.h:21:
In file included from /Users/sumit/opt/capd-src-2f06098/capdAlg/include/capd/multiPrec/mplib.h:23:
In file included from /Users/sumit/opt/capd-src-2f06098/capdAlg/include/capd/multiPrec/MpInt.h:28:
/opt/homebrew/include/gmpxx.h:2163:29: warning: identifier '_mpz' preceded by whitespace in a literal operator declaration is deprecated [-Wdeprecated-literal-operator]
 2163 | inline mpz_class operator"" _mpz(const char* s)
      |                  ~~~~~~~~~~~^~~~
      |                  operator""_mpz
/opt/homebrew/include/gmpxx.h:2168:29: warning: identifier '_mpq' preceded by whitespace in a literal operator declaration is deprecated [-Wdeprecated-literal-operator]
 2168 | inline mpq_class operator"" _mpq(const char* s)
      |                  ~~~~~~~~~~~^~~~
      |                  operator""_mpq
/opt/homebrew/include/gmpxx.h:2175:29: warning: identifier '_mpf' preceded by whitespace in a literal operator declaration is deprecated [-Wdeprecated-literal-operator]
 2175 | inline mpf_class operator"" _mpf(const char* s)
      |                  ~~~~~~~~~~~^~~~
      |                  operator""_mpf
[ 10%] Building CXX object CMakeFiles/capd.dir/capdAlg/src/mpcapd/vectalg/MpZMatrix.cpp.o
In file included from /Users/sumit/opt/capd-src-2f06098/capdAlg/src/mpcapd/vectalg/MpZMatrix.cpp:16:
In file included from /Users/sumit/opt/capd-src-2f06098/capdAlg/include/capd/vectalg/mplib.h:21:
In file included from /Users/sumit/opt/capd-src-2f06098/capdAlg/include/capd/multiPrec/mplib.h:23:
In file included from /Users/sumit/opt/capd-src-2f06098/capdAlg/include/capd/multiPrec/MpInt.h:28:
/opt/homebrew/include/gmpxx.h:2163:29: warning: identifier '_mpz' preceded by whitespace in a literal operator declaration is deprecated [-Wdeprecated-literal-operator]
 2163 | inline mpz_class operator"" _mpz(const char* s)
      |                  ~~~~~~~~~~~^~~~
      |                  operator""_mpz
/opt/homebrew/include/gmpxx.h:2168:29: warning: identifier '_mpq' preceded by whitespace in a literal operator declaration is deprecated [-Wdeprecated-literal-operator]
 2168 | inline mpq_class operator"" _mpq(const char* s)
      |                  ~~~~~~~~~~~^~~~
      |                  operator""_mpq
/opt/homebrew/include/gmpxx.h:2175:29: warning: identifier '_mpf' preceded by whitespace in a literal operator declaration is deprecated [-Wdeprecated-literal-operator]
 2175 | inline mpf_class operator"" _mpf(const char* s)
      |                  ~~~~~~~~~~~^~~~
      |                  operator""_mpf
3 warnings generated.
[ 10%] Building CXX object CMakeFiles/capd.dir/capdAlg/src/mpcapd/vectalg/Container.cpp.o
3 warnings generated.
[ 10%] Building CXX object CMakeFiles/capd.dir/capdAlg/src/mpcapd/vectalg/MpZVector.cpp.o
In file included from /Users/sumit/opt/capd-src-2f06098/capdAlg/src/mpcapd/vectalg/Container.cpp:16:
In file included from /Users/sumit/opt/capd-src-2f06098/capdAlg/include/capd/intervals/mplib.h:18:
In file included from /Users/sumit/opt/capd-src-2f06098/capdAlg/include/capd/multiPrec/mplib.h:23:
In file included from /Users/sumit/opt/capd-src-2f06098/capdAlg/include/capd/multiPrec/MpInt.h:28:
/opt/homebrew/include/gmpxx.h:2163:29: warning: identifier '_mpz' preceded by whitespace in a literal operator declaration is deprecated [-Wdeprecated-literal-operator]
 2163 | inline mpz_class operator"" _mpz(const char* s)
      |                  ~~~~~~~~~~~^~~~
      |                  operator""_mpz
/opt/homebrew/include/gmpxx.h:2168:29: warning: identifier '_mpq' preceded by whitespace in a literal operator declaration is deprecated [-Wdeprecated-literal-operator]
 2168 | inline mpq_class operator"" _mpq(const char* s)
      |                  ~~~~~~~~~~~^~~~
      |                  operator""_mpq
/opt/homebrew/include/gmpxx.h:2175:29: warning: identifier '_mpf' preceded by whitespace in a literal operator declaration is deprecated [-Wdeprecated-literal-operator]
 2175 | inline mpf_class operator"" _mpf(const char* s)
      |                  ~~~~~~~~~~~^~~~
      |                  operator""_mpf
In file included from /Users/sumit/opt/capd-src-2f06098/capdAlg/src/mpcapd/vectalg/MpZVector.cpp:19:
In file included from /Users/sumit/opt/capd-src-2f06098/capdAlg/include/capd/vectalg/mplib.h:21:
In file included from /Users/sumit/opt/capd-src-2f06098/capdAlg/include/capd/multiPrec/mplib.h:23:
In file included from /Users/sumit/opt/capd-src-2f06098/capdAlg/include/capd/multiPrec/MpInt.h:28:
/opt/homebrew/include/gmpxx.h:2163:29: warning: identifier '_mpz' preceded by whitespace in a literal operator declaration is deprecated [-Wdeprecated-literal-operator]
 2163 | inline mpz_class operator"" _mpz(const char* s)
      |                  ~~~~~~~~~~~^~~~
      |                  operator""_mpz
/opt/homebrew/include/gmpxx.h:2168:29: warning: identifier '_mpq' preceded by whitespace in a literal operator declaration is deprecated [-Wdeprecated-literal-operator]
 2168 | inline mpq_class operator"" _mpq(const char* s)
      |                  ~~~~~~~~~~~^~~~
      |                  operator""_mpq
/opt/homebrew/include/gmpxx.h:2175:29: warning: identifier '_mpf' preceded by whitespace in a literal operator declaration is deprecated [-Wdeprecated-literal-operator]
 2175 | inline mpf_class operator"" _mpf(const char* s)
      |                  ~~~~~~~~~~~^~~~
      |                  operator""_mpf
3 warnings generated.
[ 10%] Building CXX object CMakeFiles/capd.dir/capdAlg/src/mpcapd/vectalg/MpVector.cpp.o
3 warnings generated.
[ 11%] Building CXX object CMakeFiles/capd.dir/capdAlg/src/mpcapd/vectalg/Norm.cpp.o
In file included from /Users/sumit/opt/capd-src-2f06098/capdAlg/src/mpcapd/vectalg/MpVector.cpp:19:
In file included from /Users/sumit/opt/capd-src-2f06098/capdAlg/include/capd/vectalg/mplib.h:21:
In file included from /Users/sumit/opt/capd-src-2f06098/capdAlg/include/capd/multiPrec/mplib.h:23:
In file included from /Users/sumit/opt/capd-src-2f06098/capdAlg/include/capd/multiPrec/MpInt.h:28:
/opt/homebrew/include/gmpxx.h:2163:29: warning: identifier '_mpz' preceded by whitespace in a literal operator declaration is deprecated [-Wdeprecated-literal-operator]
 2163 | inline mpz_class operator"" _mpz(const char* s)
      |                  ~~~~~~~~~~~^~~~
      |                  operator""_mpz
/opt/homebrew/include/gmpxx.h:2168:29: warning: identifier '_mpq' preceded by whitespace in a literal operator declaration is deprecated [-Wdeprecated-literal-operator]
 2168 | inline mpq_class operator"" _mpq(const char* s)
      |                  ~~~~~~~~~~~^~~~
      |                  operator""_mpq
/opt/homebrew/include/gmpxx.h:2175:29: warning: identifier '_mpf' preceded by whitespace in a literal operator declaration is deprecated [-Wdeprecated-literal-operator]
 2175 | inline mpf_class operator"" _mpf(const char* s)
      |                  ~~~~~~~~~~~^~~~
      |                  operator""_mpf
In file included from /Users/sumit/opt/capd-src-2f06098/capdAlg/src/mpcapd/vectalg/Norm.cpp:13:
In file included from /Users/sumit/opt/capd-src-2f06098/capdAlg/include/capd/vectalg/mplib.h:21:
In file included from /Users/sumit/opt/capd-src-2f06098/capdAlg/include/capd/multiPrec/mplib.h:23:
In file included from /Users/sumit/opt/capd-src-2f06098/capdAlg/include/capd/multiPrec/MpInt.h:28:
/opt/homebrew/include/gmpxx.h:2163:29: warning: identifier '_mpz' preceded by whitespace in a literal operator declaration is deprecated [-Wdeprecated-literal-operator]
 2163 | inline mpz_class operator"" _mpz(const char* s)
      |                  ~~~~~~~~~~~^~~~
      |                  operator""_mpz
/opt/homebrew/include/gmpxx.h:2168:29: warning: identifier '_mpq' preceded by whitespace in a literal operator declaration is deprecated [-Wdeprecated-literal-operator]
 2168 | inline mpq_class operator"" _mpq(const char* s)
      |                  ~~~~~~~~~~~^~~~
      |                  operator""_mpq
/opt/homebrew/include/gmpxx.h:2175:29: warning: identifier '_mpf' preceded by whitespace in a literal operator declaration is deprecated [-Wdeprecated-literal-operator]
 2175 | inline mpf_class operator"" _mpf(const char* s)
      |                  ~~~~~~~~~~~^~~~
      |                  operator""_mpf
3 warnings generated.
[ 11%] Building CXX object CMakeFiles/capd.dir/capdAlg/src/mpcapd/vectalg/MpMatrix.cpp.o
In file included from /Users/sumit/opt/capd-src-2f06098/capdAlg/src/mpcapd/vectalg/MpMatrix.cpp:16:
In file included from /Users/sumit/opt/capd-src-2f06098/capdAlg/include/capd/vectalg/mplib.h:21:
In file included from /Users/sumit/opt/capd-src-2f06098/capdAlg/include/capd/multiPrec/mplib.h:23:
In file included from /Users/sumit/opt/capd-src-2f06098/capdAlg/include/capd/multiPrec/MpInt.h:28:
/opt/homebrew/include/gmpxx.h:2163:29: warning: identifier '_mpz' preceded by whitespace in a literal operator declaration is deprecated [-Wdeprecated-literal-operator]
 2163 | inline mpz_class operator"" _mpz(const char* s)
      |                  ~~~~~~~~~~~^~~~
      |                  operator""_mpz
/opt/homebrew/include/gmpxx.h:2168:29: warning: identifier '_mpq' preceded by whitespace in a literal operator declaration is deprecated [-Wdeprecated-literal-operator]
 2168 | inline mpq_class operator"" _mpq(const char* s)
      |                  ~~~~~~~~~~~^~~~
      |                  operator""_mpq
/opt/homebrew/include/gmpxx.h:2175:29: warning: identifier '_mpf' preceded by whitespace in a literal operator declaration is deprecated [-Wdeprecated-literal-operator]
 2175 | inline mpf_class operator"" _mpf(const char* s)
      |                  ~~~~~~~~~~~^~~~
      |                  operator""_mpf
3 warnings generated.
[ 11%] Building CXX object CMakeFiles/capd.dir/capdDynSys/src/capd/autodiff/DagIndexer.cpp.o
3 warnings generated.
[ 12%] Building CXX object CMakeFiles/capd.dir/capdDynSys/src/capd/autodiff/NodeType.cpp.o
[ 12%] Building CXX object CMakeFiles/capd.dir/capdDynSys/src/capd/covrel/TripleSet.cpp.o
[ 12%] Building CXX object CMakeFiles/capd.dir/capdDynSys/src/capd/covrel/HSetMD.cpp.o
[ 12%] Building CXX object CMakeFiles/capd.dir/capdDynSys/src/capd/covrel/HSet2D.cpp.o
[ 13%] Building CXX object CMakeFiles/capd.dir/capdDynSys/src/capd/covrel/HSet3D.cpp.o
[ 13%] Building CXX object CMakeFiles/capd.dir/capdDynSys/src/capd/covrel/HSetND.cpp.o
[ 13%] Building CXX object CMakeFiles/capd.dir/capdDynSys/src/capd/diffAlgebra/CnTimeJet.cpp.o
[ 14%] Building CXX object CMakeFiles/capd.dir/capdDynSys/src/capd/diffAlgebra/C2TimeJet.cpp.o
[ 14%] Building CXX object CMakeFiles/capd.dir/capdDynSys/src/capd/diffAlgebra/Curve.cpp.o
[ 14%] Building CXX object CMakeFiles/capd.dir/capdDynSys/src/capd/diffAlgebra/SolutionCurve.cpp.o
[ 14%] Building CXX object CMakeFiles/capd.dir/capdDynSys/src/capd/diffAlgebra/C1TimeJet.cpp.o
[ 15%] Building CXX object CMakeFiles/capd.dir/capdDynSys/src/capd/diffAlgebra/Hessian.cpp.o
[ 15%] Building CXX object CMakeFiles/capd.dir/capdDynSys/src/capd/diffIncl/DiffInclusionLN.cpp.o
[ 15%] Building CXX object CMakeFiles/capd.dir/capdDynSys/src/capd/diffIncl/DiffInclusion.cpp.o
[ 15%] Building CXX object CMakeFiles/capd.dir/capdDynSys/src/capd/diffIncl/MultiMap.cpp.o
[ 16%] Building CXX object CMakeFiles/capd.dir/capdDynSys/src/capd/diffIncl/InclRect2Set.cpp.o
[ 16%] Building CXX object CMakeFiles/capd.dir/capdDynSys/src/capd/diffIncl/DiffInclusionCW.cpp.o
[ 16%] Building CXX object CMakeFiles/capd.dir/capdDynSys/src/capd/dynset/CnRect2Set.cpp.o
[ 17%] Building CXX object CMakeFiles/capd.dir/capdDynSys/src/capd/dynset/C1DoubletonSet.cpp.o
[ 17%] Building CXX object CMakeFiles/capd.dir/capdDynSys/src/capd/dynset/CoordReorganize.cpp.o
[ 17%] Building CXX object CMakeFiles/capd.dir/capdDynSys/src/capd/dynset/C1AffineSet.cpp.o
[ 17%] Building CXX object CMakeFiles/capd.dir/capdDynSys/src/capd/dynset/C0AffineSet.cpp.o
[ 18%] Building CXX object CMakeFiles/capd.dir/capdDynSys/src/capd/dynset/C2DoubletonSet.cpp.o
[ 18%] Building CXX object CMakeFiles/capd.dir/capdDynSys/src/capd/dynset/C0DoubletonSet.cpp.o
[ 18%] Building CXX object CMakeFiles/capd.dir/capdDynSys/src/capd/dynset/C1HOSet.cpp.o
[ 19%] Building CXX object CMakeFiles/capd.dir/capdDynSys/src/capd/dynset/CnDoubletonSet.cpp.o
[ 19%] Building CXX object CMakeFiles/capd.dir/capdDynSys/src/capd/dynset/C11Rect2Set.cpp.o
[ 19%] Building CXX object CMakeFiles/capd.dir/capdDynSys/src/capd/dynset/C0BallSet.cpp.o
[ 19%] Building CXX object CMakeFiles/capd.dir/capdDynSys/src/capd/dynset/C0TripletonSet.cpp.o
[ 20%] Building CXX object CMakeFiles/capd.dir/capdDynSys/src/capd/dynset/FactorReorganization.cpp.o
[ 20%] Building CXX object CMakeFiles/capd.dir/capdDynSys/src/capd/dynset/C0HOSet.cpp.o
[ 20%] Building CXX object CMakeFiles/capd.dir/capdDynSys/src/capd/dynset/C0FlowballSet.cpp.o
[ 21%] Building CXX object CMakeFiles/capd.dir/capdDynSys/src/capd/dynsys/FadOdeSolver.cpp.o
[ 21%] Building CXX object CMakeFiles/capd.dir/capdDynSys/src/capd/dynsys/DynSys.cpp.o
[ 21%] Building CXX object CMakeFiles/capd.dir/capdDynSys/src/capd/dynsys/OdeSolver.cpp.o
[ 21%] Building CXX object CMakeFiles/capd.dir/capdDynSys/src/capd/dynsys/C2OdeSolver.cpp.o
[ 22%] Building CXX object CMakeFiles/capd.dir/capdDynSys/src/capd/dynsys/CnOdeSolver.cpp.o
[ 22%] Building CXX object CMakeFiles/capd.dir/capdDynSys/src/capd/geomset/MatrixAffineSet.cpp.o
[ 22%] Building CXX object CMakeFiles/capd.dir/capdDynSys/src/capd/geomset/TripletonSet.cpp.o
[ 23%] Building CXX object CMakeFiles/capd.dir/capdDynSys/src/capd/geomset/AffineSet.cpp.o
[ 23%] Building CXX object CMakeFiles/capd.dir/capdDynSys/src/capd/geomset/DoubletonSet.cpp.o
[ 23%] Building CXX object CMakeFiles/capd.dir/capdDynSys/src/capd/geomset/MatrixDoubletonSet.cpp.o
[ 23%] Building CXX object CMakeFiles/capd.dir/capdDynSys/src/capd/map/Function.cpp.o
[ 24%] Building CXX object CMakeFiles/capd.dir/capdDynSys/src/capd/map/Map.cpp.o
[ 24%] Building CXX object CMakeFiles/capd.dir/capdDynSys/src/capd/map/Parser.cpp.o
[ 24%] Building CXX object CMakeFiles/capd.dir/capdDynSys/src/capd/pdes/GeometricBound.cpp.o
[ 25%] Building CXX object CMakeFiles/capd.dir/capdDynSys/src/capd/poincare/TimeMap.cpp.o
[ 25%] Building CXX object CMakeFiles/capd.dir/capdDynSys/src/capd/poincare/PoincareMap.cpp.o
[ 25%] Building CXX object CMakeFiles/capd.dir/capdDynSys/src/capd/poincare/AbstractSection.cpp.o
In file included from /Users/sumit/opt/capd-src-2f06098/capdDynSys/src/capd/poincare/AbstractSection.cpp:16:
/Users/sumit/opt/capd-src-2f06098/capdDynSys/include/capd/poincare/AffineSection.h:43:14: warning: 'operator()' overrides a member function but is not marked 'override' [-Winconsistent-missing-override]
   43 |   ScalarType operator()(const VectorType& v) const{
      |              ^
/Users/sumit/opt/capd-src-2f06098/capdDynSys/src/capd/poincare/AbstractSection.cpp:26:26: note: in instantiation of template class 'capd::poincare::AffineSection<capd::vectalg::Matrix<double, 0, 0>>' requested here
   26 | template class poincare::AffineSection<DMatrix>;
      |                          ^
/Users/sumit/opt/capd-src-2f06098/capdDynSys/include/capd/poincare/AbstractSection.h:69:22: note: overridden virtual function is here
   69 |   virtual ScalarType operator() (const VectorType& v) const = 0;     ///< evaluates function at a given vector
      |                      ^
In file included from /Users/sumit/opt/capd-src-2f06098/capdDynSys/src/capd/poincare/AbstractSection.cpp:16:
/Users/sumit/opt/capd-src-2f06098/capdDynSys/include/capd/poincare/AffineSection.h:65:14: warning: 'gradient' overrides a member function but is not marked 'override' [-Winconsistent-missing-override]
   65 |   VectorType gradient(const VectorType&) const{
      |              ^
/Users/sumit/opt/capd-src-2f06098/capdDynSys/include/capd/poincare/AbstractSection.h:70:22: note: overridden virtual function is here
   70 |   virtual VectorType gradient(const VectorType& u) const = 0;        ///< returns gradient of the function computed at vector u
      |                      ^
In file included from /Users/sumit/opt/capd-src-2f06098/capdDynSys/src/capd/poincare/AbstractSection.cpp:16:
/Users/sumit/opt/capd-src-2f06098/capdDynSys/include/capd/poincare/AffineSection.h:69:14: warning: 'evalAt' overrides a member function but is not marked 'override' [-Winconsistent-missing-override]
   69 |   ScalarType evalAt(const capd::dynset::AbstractSet<VectorType>& s) const{
      |              ^
/Users/sumit/opt/capd-src-2f06098/capdDynSys/include/capd/poincare/AbstractSection.h:85:22: note: overridden virtual function is here
   85 |   virtual ScalarType evalAt(const Set& set) const = 0;
      |                      ^
In file included from /Users/sumit/opt/capd-src-2f06098/capdDynSys/src/capd/poincare/AbstractSection.cpp:16:
/Users/sumit/opt/capd-src-2f06098/capdDynSys/include/capd/poincare/AffineSection.h:43:14: warning: 'operator()' overrides a member function but is not marked 'override' [-Winconsistent-missing-override]
   43 |   ScalarType operator()(const VectorType& v) const{
      |              ^
/Users/sumit/opt/capd-src-2f06098/capdDynSys/src/capd/poincare/AbstractSection.cpp:27:26: note: in instantiation of template class 'capd::poincare::AffineSection<capd::vectalg::Matrix<long double, 0, 0>>' requested here
   27 | template class poincare::AffineSection<LDMatrix>;
      |                          ^
/Users/sumit/opt/capd-src-2f06098/capdDynSys/include/capd/poincare/AbstractSection.h:69:22: note: overridden virtual function is here
   69 |   virtual ScalarType operator() (const VectorType& v) const = 0;     ///< evaluates function at a given vector
      |                      ^
In file included from /Users/sumit/opt/capd-src-2f06098/capdDynSys/src/capd/poincare/AbstractSection.cpp:16:
/Users/sumit/opt/capd-src-2f06098/capdDynSys/include/capd/poincare/AffineSection.h:65:14: warning: 'gradient' overrides a member function but is not marked 'override' [-Winconsistent-missing-override]
   65 |   VectorType gradient(const VectorType&) const{
      |              ^
/Users/sumit/opt/capd-src-2f06098/capdDynSys/include/capd/poincare/AbstractSection.h:70:22: note: overridden virtual function is here
   70 |   virtual VectorType gradient(const VectorType& u) const = 0;        ///< returns gradient of the function computed at vector u
      |                      ^
In file included from /Users/sumit/opt/capd-src-2f06098/capdDynSys/src/capd/poincare/AbstractSection.cpp:16:
/Users/sumit/opt/capd-src-2f06098/capdDynSys/include/capd/poincare/AffineSection.h:69:14: warning: 'evalAt' overrides a member function but is not marked 'override' [-Winconsistent-missing-override]
   69 |   ScalarType evalAt(const capd::dynset::AbstractSet<VectorType>& s) const{
      |              ^
/Users/sumit/opt/capd-src-2f06098/capdDynSys/include/capd/poincare/AbstractSection.h:85:22: note: overridden virtual function is here
   85 |   virtual ScalarType evalAt(const Set& set) const = 0;
      |                      ^
In file included from /Users/sumit/opt/capd-src-2f06098/capdDynSys/src/capd/poincare/AbstractSection.cpp:16:
/Users/sumit/opt/capd-src-2f06098/capdDynSys/include/capd/poincare/AffineSection.h:43:14: warning: 'operator()' overrides a member function but is not marked 'override' [-Winconsistent-missing-override]
   43 |   ScalarType operator()(const VectorType& v) const{
      |              ^
/Users/sumit/opt/capd-src-2f06098/capdDynSys/src/capd/poincare/AbstractSection.cpp:28:26: note: in instantiation of template class 'capd::poincare::AffineSection<capd::vectalg::Matrix<capd::intervals::Interval<double, capd::rounding::DoubleRounding>, 0, 0>>' requested here
   28 | template class poincare::AffineSection<IMatrix>;
      |                          ^
/Users/sumit/opt/capd-src-2f06098/capdDynSys/include/capd/poincare/AbstractSection.h:69:22: note: overridden virtual function is here
   69 |   virtual ScalarType operator() (const VectorType& v) const = 0;     ///< evaluates function at a given vector
      |                      ^
In file included from /Users/sumit/opt/capd-src-2f06098/capdDynSys/src/capd/poincare/AbstractSection.cpp:16:
/Users/sumit/opt/capd-src-2f06098/capdDynSys/include/capd/poincare/AffineSection.h:65:14: warning: 'gradient' overrides a member function but is not marked 'override' [-Winconsistent-missing-override]
   65 |   VectorType gradient(const VectorType&) const{
      |              ^
/Users/sumit/opt/capd-src-2f06098/capdDynSys/include/capd/poincare/AbstractSection.h:70:22: note: overridden virtual function is here
   70 |   virtual VectorType gradient(const VectorType& u) const = 0;        ///< returns gradient of the function computed at vector u
      |                      ^
In file included from /Users/sumit/opt/capd-src-2f06098/capdDynSys/src/capd/poincare/AbstractSection.cpp:16:
/Users/sumit/opt/capd-src-2f06098/capdDynSys/include/capd/poincare/AffineSection.h:69:14: warning: 'evalAt' overrides a member function but is not marked 'override' [-Winconsistent-missing-override]
   69 |   ScalarType evalAt(const capd::dynset::AbstractSet<VectorType>& s) const{
      |              ^
/Users/sumit/opt/capd-src-2f06098/capdDynSys/include/capd/poincare/AbstractSection.h:85:22: note: overridden virtual function is here
   85 |   virtual ScalarType evalAt(const Set& set) const = 0;
      |                      ^
In file included from /Users/sumit/opt/capd-src-2f06098/capdDynSys/src/capd/poincare/AbstractSection.cpp:17:
/Users/sumit/opt/capd-src-2f06098/capdDynSys/include/capd/poincare/CoordinateSection.h:51:14: warning: 'operator()' overrides a member function but is not marked 'override' [-Winconsistent-missing-override]
   51 |   ScalarType operator()(const VectorType& v) const{
      |              ^
/Users/sumit/opt/capd-src-2f06098/capdDynSys/src/capd/poincare/AbstractSection.cpp:30:26: note: in instantiation of template class 'capd::poincare::CoordinateSection<capd::vectalg::Matrix<double, 0, 0>>' requested here
   30 | template class poincare::CoordinateSection<DMatrix>;
      |                          ^
/Users/sumit/opt/capd-src-2f06098/capdDynSys/include/capd/poincare/AbstractSection.h:69:22: note: overridden virtual function is here
   69 |   virtual ScalarType operator() (const VectorType& v) const = 0;     ///< evaluates function at a given vector
      |                      ^
In file included from /Users/sumit/opt/capd-src-2f06098/capdDynSys/src/capd/poincare/AbstractSection.cpp:17:
/Users/sumit/opt/capd-src-2f06098/capdDynSys/include/capd/poincare/CoordinateSection.h:71:14: warning: 'gradient' overrides a member function but is not marked 'override' [-Winconsistent-missing-override]
   71 |   VectorType gradient(const VectorType&) const{
      |              ^
/Users/sumit/opt/capd-src-2f06098/capdDynSys/include/capd/poincare/AbstractSection.h:70:22: note: overridden virtual function is here
   70 |   virtual VectorType gradient(const VectorType& u) const = 0;        ///< returns gradient of the function computed at vector u
      |                      ^
In file included from /Users/sumit/opt/capd-src-2f06098/capdDynSys/src/capd/poincare/AbstractSection.cpp:17:
/Users/sumit/opt/capd-src-2f06098/capdDynSys/include/capd/poincare/CoordinateSection.h:74:14: warning: 'gradientByVector' overrides a member function but is not marked 'override' [-Winconsistent-missing-override]
   74 |   ScalarType gradientByVector(const VectorType& /*x*/, const VectorType& u) const {
      |              ^
/Users/sumit/opt/capd-src-2f06098/capdDynSys/include/capd/poincare/AbstractSection.h:71:22: note: overridden virtual function is here
   71 |   virtual ScalarType gradientByVector(const VectorType& x, const VectorType& u) const {
      |                      ^
In file included from /Users/sumit/opt/capd-src-2f06098/capdDynSys/src/capd/poincare/AbstractSection.cpp:17:
/Users/sumit/opt/capd-src-2f06098/capdDynSys/include/capd/poincare/CoordinateSection.h:78:8: warning: 'isSpecialSection' overrides a member function but is not marked 'override' [-Winconsistent-missing-override]
   78 |   bool isSpecialSection() const {
      |        ^
/Users/sumit/opt/capd-src-2f06098/capdDynSys/include/capd/poincare/AbstractSection.h:80:16: note: overridden virtual function is here
   80 |   virtual bool isSpecialSection() const{
      |                ^
In file included from /Users/sumit/opt/capd-src-2f06098/capdDynSys/src/capd/poincare/AbstractSection.cpp:17:
/Users/sumit/opt/capd-src-2f06098/capdDynSys/include/capd/poincare/CoordinateSection.h:82:14: warning: 'evalAt' overrides a member function but is not marked 'override' [-Winconsistent-missing-override]
   82 |   ScalarType evalAt(const capd::dynset::AbstractSet<VectorType>& s) const{
      |              ^
/Users/sumit/opt/capd-src-2f06098/capdDynSys/include/capd/poincare/AbstractSection.h:85:22: note: overridden virtual function is here
   85 |   virtual ScalarType evalAt(const Set& set) const = 0;
      |                      ^
In file included from /Users/sumit/opt/capd-src-2f06098/capdDynSys/src/capd/poincare/AbstractSection.cpp:17:
/Users/sumit/opt/capd-src-2f06098/capdDynSys/include/capd/poincare/CoordinateSection.h:51:14: warning: 'operator()' overrides a member function but is not marked 'override' [-Winconsistent-missing-override]
   51 |   ScalarType operator()(const VectorType& v) const{
      |              ^
/Users/sumit/opt/capd-src-2f06098/capdDynSys/src/capd/poincare/AbstractSection.cpp:31:26: note: in instantiation of template class 'capd::poincare::CoordinateSection<capd::vectalg::Matrix<long double, 0, 0>>' requested here
   31 | template class poincare::CoordinateSection<LDMatrix>;
      |                          ^
/Users/sumit/opt/capd-src-2f06098/capdDynSys/include/capd/poincare/AbstractSection.h:69:22: note: overridden virtual function is here
   69 |   virtual ScalarType operator() (const VectorType& v) const = 0;     ///< evaluates function at a given vector
      |                      ^
In file included from /Users/sumit/opt/capd-src-2f06098/capdDynSys/src/capd/poincare/AbstractSection.cpp:17:
/Users/sumit/opt/capd-src-2f06098/capdDynSys/include/capd/poincare/CoordinateSection.h:71:14: warning: 'gradient' overrides a member function but is not marked 'override' [-Winconsistent-missing-override]
   71 |   VectorType gradient(const VectorType&) const{
      |              ^
/Users/sumit/opt/capd-src-2f06098/capdDynSys/include/capd/poincare/AbstractSection.h:70:22: note: overridden virtual function is here
   70 |   virtual VectorType gradient(const VectorType& u) const = 0;        ///< returns gradient of the function computed at vector u
      |                      ^
In file included from /Users/sumit/opt/capd-src-2f06098/capdDynSys/src/capd/poincare/AbstractSection.cpp:17:
/Users/sumit/opt/capd-src-2f06098/capdDynSys/include/capd/poincare/CoordinateSection.h:74:14: warning: 'gradientByVector' overrides a member function but is not marked 'override' [-Winconsistent-missing-override]
   74 |   ScalarType gradientByVector(const VectorType& /*x*/, const VectorType& u) const {
      |              ^
/Users/sumit/opt/capd-src-2f06098/capdDynSys/include/capd/poincare/AbstractSection.h:71:22: note: overridden virtual function is here
   71 |   virtual ScalarType gradientByVector(const VectorType& x, const VectorType& u) const {
      |                      ^
In file included from /Users/sumit/opt/capd-src-2f06098/capdDynSys/src/capd/poincare/AbstractSection.cpp:17:
/Users/sumit/opt/capd-src-2f06098/capdDynSys/include/capd/poincare/CoordinateSection.h:78:8: warning: 'isSpecialSection' overrides a member function but is not marked 'override' [-Winconsistent-missing-override]
   78 |   bool isSpecialSection() const {
      |        ^
/Users/sumit/opt/capd-src-2f06098/capdDynSys/include/capd/poincare/AbstractSection.h:80:16: note: overridden virtual function is here
   80 |   virtual bool isSpecialSection() const{
      |                ^
In file included from /Users/sumit/opt/capd-src-2f06098/capdDynSys/src/capd/poincare/AbstractSection.cpp:17:
/Users/sumit/opt/capd-src-2f06098/capdDynSys/include/capd/poincare/CoordinateSection.h:82:14: warning: 'evalAt' overrides a member function but is not marked 'override' [-Winconsistent-missing-override]
   82 |   ScalarType evalAt(const capd::dynset::AbstractSet<VectorType>& s) const{
      |              ^
/Users/sumit/opt/capd-src-2f06098/capdDynSys/include/capd/poincare/AbstractSection.h:85:22: note: overridden virtual function is here
   85 |   virtual ScalarType evalAt(const Set& set) const = 0;
      |                      ^
In file included from /Users/sumit/opt/capd-src-2f06098/capdDynSys/src/capd/poincare/AbstractSection.cpp:17:
/Users/sumit/opt/capd-src-2f06098/capdDynSys/include/capd/poincare/CoordinateSection.h:51:14: warning: 'operator()' overrides a member function but is not marked 'override' [-Winconsistent-missing-override]
   51 |   ScalarType operator()(const VectorType& v) const{
      |              ^
/Users/sumit/opt/capd-src-2f06098/capdDynSys/src/capd/poincare/AbstractSection.cpp:32:26: note: in instantiation of template class 'capd::poincare::CoordinateSection<capd::vectalg::Matrix<capd::intervals::Interval<double, capd::rounding::DoubleRounding>, 0, 0>>' requested here
   32 | template class poincare::CoordinateSection<IMatrix>;
      |                          ^
/Users/sumit/opt/capd-src-2f06098/capdDynSys/include/capd/poincare/AbstractSection.h:69:22: note: overridden virtual function is here
   69 |   virtual ScalarType operator() (const VectorType& v) const = 0;     ///< evaluates function at a given vector
      |                      ^
In file included from /Users/sumit/opt/capd-src-2f06098/capdDynSys/src/capd/poincare/AbstractSection.cpp:17:
/Users/sumit/opt/capd-src-2f06098/capdDynSys/include/capd/poincare/CoordinateSection.h:71:14: warning: 'gradient' overrides a member function but is not marked 'override' [-Winconsistent-missing-override]
   71 |   VectorType gradient(const VectorType&) const{
      |              ^
/Users/sumit/opt/capd-src-2f06098/capdDynSys/include/capd/poincare/AbstractSection.h:70:22: note: overridden virtual function is here
   70 |   virtual VectorType gradient(const VectorType& u) const = 0;        ///< returns gradient of the function computed at vector u
      |                      ^
In file included from /Users/sumit/opt/capd-src-2f06098/capdDynSys/src/capd/poincare/AbstractSection.cpp:17:
/Users/sumit/opt/capd-src-2f06098/capdDynSys/include/capd/poincare/CoordinateSection.h:74:14: warning: 'gradientByVector' overrides a member function but is not marked 'override' [-Winconsistent-missing-override]
   74 |   ScalarType gradientByVector(const VectorType& /*x*/, const VectorType& u) const {
      |              ^
/Users/sumit/opt/capd-src-2f06098/capdDynSys/include/capd/poincare/AbstractSection.h:71:22: note: overridden virtual function is here
   71 |   virtual ScalarType gradientByVector(const VectorType& x, const VectorType& u) const {
      |                      ^
In file included from /Users/sumit/opt/capd-src-2f06098/capdDynSys/src/capd/poincare/AbstractSection.cpp:17:
/Users/sumit/opt/capd-src-2f06098/capdDynSys/include/capd/poincare/CoordinateSection.h:78:8: warning: 'isSpecialSection' overrides a member function but is not marked 'override' [-Winconsistent-missing-override]
   78 |   bool isSpecialSection() const {
      |        ^
/Users/sumit/opt/capd-src-2f06098/capdDynSys/include/capd/poincare/AbstractSection.h:80:16: note: overridden virtual function is here
   80 |   virtual bool isSpecialSection() const{
      |                ^
In file included from /Users/sumit/opt/capd-src-2f06098/capdDynSys/src/capd/poincare/AbstractSection.cpp:17:
/Users/sumit/opt/capd-src-2f06098/capdDynSys/include/capd/poincare/CoordinateSection.h:82:14: warning: 'evalAt' overrides a member function but is not marked 'override' [-Winconsistent-missing-override]
   82 |   ScalarType evalAt(const capd::dynset::AbstractSet<VectorType>& s) const{
      |              ^
/Users/sumit/opt/capd-src-2f06098/capdDynSys/include/capd/poincare/AbstractSection.h:85:22: note: overridden virtual function is here
   85 |   virtual ScalarType evalAt(const Set& set) const = 0;
      |                      ^
In file included from /Users/sumit/opt/capd-src-2f06098/capdDynSys/src/capd/poincare/AbstractSection.cpp:18:
/Users/sumit/opt/capd-src-2f06098/capdDynSys/include/capd/poincare/NonlinearSection.h:72:14: warning: 'operator()' overrides a member function but is not marked 'override' [-Winconsistent-missing-override]
   72 |   ScalarType operator()(const VectorType& v) const{
      |              ^
/Users/sumit/opt/capd-src-2f06098/capdDynSys/src/capd/poincare/AbstractSection.cpp:34:26: note: in instantiation of template class 'capd::poincare::NonlinearSection<capd::vectalg::Matrix<double, 0, 0>>' requested here
   34 | template class poincare::NonlinearSection<DMatrix>;
      |                          ^
/Users/sumit/opt/capd-src-2f06098/capdDynSys/include/capd/poincare/AbstractSection.h:69:22: note: overridden virtual function is here
   69 |   virtual ScalarType operator() (const VectorType& v) const = 0;     ///< evaluates function at a given vector
      |                      ^
In file included from /Users/sumit/opt/capd-src-2f06098/capdDynSys/src/capd/poincare/AbstractSection.cpp:18:
/Users/sumit/opt/capd-src-2f06098/capdDynSys/include/capd/poincare/NonlinearSection.h:76:14: warning: 'gradient' overrides a member function but is not marked 'override' [-Winconsistent-missing-override]
   76 |   VectorType gradient(const VectorType& v) const{
      |              ^
/Users/sumit/opt/capd-src-2f06098/capdDynSys/include/capd/poincare/AbstractSection.h:70:22: note: overridden virtual function is here
   70 |   virtual VectorType gradient(const VectorType& u) const = 0;        ///< returns gradient of the function computed at vector u
      |                      ^
In file included from /Users/sumit/opt/capd-src-2f06098/capdDynSys/src/capd/poincare/AbstractSection.cpp:18:
/Users/sumit/opt/capd-src-2f06098/capdDynSys/include/capd/poincare/NonlinearSection.h:80:14: warning: 'evalAt' overrides a member function but is not marked 'override' [-Winconsistent-missing-override]
   80 |   ScalarType evalAt(const capd::dynset::AbstractSet<VectorType>& s) const{
      |              ^
/Users/sumit/opt/capd-src-2f06098/capdDynSys/include/capd/poincare/AbstractSection.h:85:22: note: overridden virtual function is here
   85 |   virtual ScalarType evalAt(const Set& set) const = 0;
      |                      ^
In file included from /Users/sumit/opt/capd-src-2f06098/capdDynSys/src/capd/poincare/AbstractSection.cpp:18:
/Users/sumit/opt/capd-src-2f06098/capdDynSys/include/capd/poincare/NonlinearSection.h:72:14: warning: 'operator()' overrides a member function but is not marked 'override' [-Winconsistent-missing-override]
   72 |   ScalarType operator()(const VectorType& v) const{
      |              ^
/Users/sumit/opt/capd-src-2f06098/capdDynSys/src/capd/poincare/AbstractSection.cpp:35:26: note: in instantiation of template class 'capd::poincare::NonlinearSection<capd::vectalg::Matrix<long double, 0, 0>>' requested here
   35 | template class poincare::NonlinearSection<LDMatrix>;
      |                          ^
/Users/sumit/opt/capd-src-2f06098/capdDynSys/include/capd/poincare/AbstractSection.h:69:22: note: overridden virtual function is here
   69 |   virtual ScalarType operator() (const VectorType& v) const = 0;     ///< evaluates function at a given vector
      |                      ^
In file included from /Users/sumit/opt/capd-src-2f06098/capdDynSys/src/capd/poincare/AbstractSection.cpp:18:
/Users/sumit/opt/capd-src-2f06098/capdDynSys/include/capd/poincare/NonlinearSection.h:76:14: warning: 'gradient' overrides a member function but is not marked 'override' [-Winconsistent-missing-override]
   76 |   VectorType gradient(const VectorType& v) const{
      |              ^
/Users/sumit/opt/capd-src-2f06098/capdDynSys/include/capd/poincare/AbstractSection.h:70:22: note: overridden virtual function is here
   70 |   virtual VectorType gradient(const VectorType& u) const = 0;        ///< returns gradient of the function computed at vector u
      |                      ^
In file included from /Users/sumit/opt/capd-src-2f06098/capdDynSys/src/capd/poincare/AbstractSection.cpp:18:
/Users/sumit/opt/capd-src-2f06098/capdDynSys/include/capd/poincare/NonlinearSection.h:80:14: warning: 'evalAt' overrides a member function but is not marked 'override' [-Winconsistent-missing-override]
   80 |   ScalarType evalAt(const capd::dynset::AbstractSet<VectorType>& s) const{
      |              ^
/Users/sumit/opt/capd-src-2f06098/capdDynSys/include/capd/poincare/AbstractSection.h:85:22: note: overridden virtual function is here
   85 |   virtual ScalarType evalAt(const Set& set) const = 0;
      |                      ^
In file included from /Users/sumit/opt/capd-src-2f06098/capdDynSys/src/capd/poincare/AbstractSection.cpp:18:
/Users/sumit/opt/capd-src-2f06098/capdDynSys/include/capd/poincare/NonlinearSection.h:72:14: warning: 'operator()' overrides a member function but is not marked 'override' [-Winconsistent-missing-override]
   72 |   ScalarType operator()(const VectorType& v) const{
      |              ^
/Users/sumit/opt/capd-src-2f06098/capdDynSys/src/capd/poincare/AbstractSection.cpp:36:26: note: in instantiation of template class 'capd::poincare::NonlinearSection<capd::vectalg::Matrix<capd::intervals::Interval<double, capd::rounding::DoubleRounding>, 0, 0>>' requested here
   36 | template class poincare::NonlinearSection<IMatrix>;
      |                          ^
/Users/sumit/opt/capd-src-2f06098/capdDynSys/include/capd/poincare/AbstractSection.h:69:22: note: overridden virtual function is here
   69 |   virtual ScalarType operator() (const VectorType& v) const = 0;     ///< evaluates function at a given vector
      |                      ^
In file included from /Users/sumit/opt/capd-src-2f06098/capdDynSys/src/capd/poincare/AbstractSection.cpp:18:
/Users/sumit/opt/capd-src-2f06098/capdDynSys/include/capd/poincare/NonlinearSection.h:76:14: warning: 'gradient' overrides a member function but is not marked 'override' [-Winconsistent-missing-override]
   76 |   VectorType gradient(const VectorType& v) const{
      |              ^
/Users/sumit/opt/capd-src-2f06098/capdDynSys/include/capd/poincare/AbstractSection.h:70:22: note: overridden virtual function is here
   70 |   virtual VectorType gradient(const VectorType& u) const = 0;        ///< returns gradient of the function computed at vector u
      |                      ^
In file included from /Users/sumit/opt/capd-src-2f06098/capdDynSys/src/capd/poincare/AbstractSection.cpp:18:
/Users/sumit/opt/capd-src-2f06098/capdDynSys/include/capd/poincare/NonlinearSection.h:80:14: warning: 'evalAt' overrides a member function but is not marked 'override' [-Winconsistent-missing-override]
   80 |   ScalarType evalAt(const capd::dynset::AbstractSet<VectorType>& s) const{
      |              ^
/Users/sumit/opt/capd-src-2f06098/capdDynSys/include/capd/poincare/AbstractSection.h:85:22: note: overridden virtual function is here
   85 |   virtual ScalarType evalAt(const Set& set) const = 0;
      |                      ^
33 warnings generated.
[ 25%] Building CXX object CMakeFiles/capd.dir/capdDynSys/src/mpcapd/autodiff/DagIndexer.cpp.o
In file included from /Users/sumit/opt/capd-src-2f06098/capdDynSys/src/mpcapd/autodiff/DagIndexer.cpp:3:
In file included from /Users/sumit/opt/capd-src-2f06098/capdAlg/include/capd/multiPrec/mplib.h:23:
In file included from /Users/sumit/opt/capd-src-2f06098/capdAlg/include/capd/multiPrec/MpInt.h:28:
/opt/homebrew/include/gmpxx.h:2163:29: warning: identifier '_mpz' preceded by whitespace in a literal operator declaration is deprecated [-Wdeprecated-literal-operator]
 2163 | inline mpz_class operator"" _mpz(const char* s)
      |                  ~~~~~~~~~~~^~~~
      |                  operator""_mpz
/opt/homebrew/include/gmpxx.h:2168:29: warning: identifier '_mpq' preceded by whitespace in a literal operator declaration is deprecated [-Wdeprecated-literal-operator]
 2168 | inline mpq_class operator"" _mpq(const char* s)
      |                  ~~~~~~~~~~~^~~~
      |                  operator""_mpq
/opt/homebrew/include/gmpxx.h:2175:29: warning: identifier '_mpf' preceded by whitespace in a literal operator declaration is deprecated [-Wdeprecated-literal-operator]
 2175 | inline mpf_class operator"" _mpf(const char* s)
      |                  ~~~~~~~~~~~^~~~
      |                  operator""_mpf
[ 26%] Building CXX object CMakeFiles/capd.dir/capdDynSys/src/mpcapd/diffAlgebra/CnTimeJet.cpp.o
3 warnings generated.
[ 26%] Building CXX object CMakeFiles/capd.dir/capdDynSys/src/mpcapd/diffAlgebra/C2TimeJet.cpp.o
In file included from /Users/sumit/opt/capd-src-2f06098/capdDynSys/src/mpcapd/diffAlgebra/CnTimeJet.cpp:13:
In file included from /Users/sumit/opt/capd-src-2f06098/capdAlg/include/capd/vectalg/mplib.h:21:
In file included from /Users/sumit/opt/capd-src-2f06098/capdAlg/include/capd/multiPrec/mplib.h:23:
In file included from /Users/sumit/opt/capd-src-2f06098/capdAlg/include/capd/multiPrec/MpInt.h:28:
/opt/homebrew/include/gmpxx.h:2163:29: warning: identifier '_mpz' preceded by whitespace in a literal operator declaration is deprecated [-Wdeprecated-literal-operator]
 2163 | inline mpz_class operator"" _mpz(const char* s)
      |                  ~~~~~~~~~~~^~~~
      |                  operator""_mpz
/opt/homebrew/include/gmpxx.h:2168:29: warning: identifier '_mpq' preceded by whitespace in a literal operator declaration is deprecated [-Wdeprecated-literal-operator]
 2168 | inline mpq_class operator"" _mpq(const char* s)
      |                  ~~~~~~~~~~~^~~~
      |                  operator""_mpq
/opt/homebrew/include/gmpxx.h:2175:29: warning: identifier '_mpf' preceded by whitespace in a literal operator declaration is deprecated [-Wdeprecated-literal-operator]
 2175 | inline mpf_class operator"" _mpf(const char* s)
      |                  ~~~~~~~~~~~^~~~
      |                  operator""_mpf
In file included from /Users/sumit/opt/capd-src-2f06098/capdDynSys/src/mpcapd/diffAlgebra/C2TimeJet.cpp:13:
In file included from /Users/sumit/opt/capd-src-2f06098/capdAlg/include/capd/intervals/mplib.h:18:
In file included from /Users/sumit/opt/capd-src-2f06098/capdAlg/include/capd/multiPrec/mplib.h:23:
In file included from /Users/sumit/opt/capd-src-2f06098/capdAlg/include/capd/multiPrec/MpInt.h:28:
/opt/homebrew/include/gmpxx.h:2163:29: warning: identifier '_mpz' preceded by whitespace in a literal operator declaration is deprecated [-Wdeprecated-literal-operator]
 2163 | inline mpz_class operator"" _mpz(const char* s)
      |                  ~~~~~~~~~~~^~~~
      |                  operator""_mpz
/opt/homebrew/include/gmpxx.h:2168:29: warning: identifier '_mpq' preceded by whitespace in a literal operator declaration is deprecated [-Wdeprecated-literal-operator]
 2168 | inline mpq_class operator"" _mpq(const char* s)
      |                  ~~~~~~~~~~~^~~~
      |                  operator""_mpq
/opt/homebrew/include/gmpxx.h:2175:29: warning: identifier '_mpf' preceded by whitespace in a literal operator declaration is deprecated [-Wdeprecated-literal-operator]
 2175 | inline mpf_class operator"" _mpf(const char* s)
      |                  ~~~~~~~~~~~^~~~
      |                  operator""_mpf
3 warnings generated.
[ 26%] Building CXX object CMakeFiles/capd.dir/capdDynSys/src/mpcapd/diffAlgebra/Curve.cpp.o
In file included from /Users/sumit/opt/capd-src-2f06098/capdDynSys/src/mpcapd/diffAlgebra/Curve.cpp:14:
In file included from /Users/sumit/opt/capd-src-2f06098/capdAlg/include/capd/vectalg/mplib.h:21:
In file included from /Users/sumit/opt/capd-src-2f06098/capdAlg/include/capd/multiPrec/mplib.h:23:
In file included from /Users/sumit/opt/capd-src-2f06098/capdAlg/include/capd/multiPrec/MpInt.h:28:
/opt/homebrew/include/gmpxx.h:2163:29: warning: identifier '_mpz' preceded by whitespace in a literal operator declaration is deprecated [-Wdeprecated-literal-operator]
 2163 | inline mpz_class operator"" _mpz(const char* s)
      |                  ~~~~~~~~~~~^~~~
      |                  operator""_mpz
/opt/homebrew/include/gmpxx.h:2168:29: warning: identifier '_mpq' preceded by whitespace in a literal operator declaration is deprecated [-Wdeprecated-literal-operator]
 2168 | inline mpq_class operator"" _mpq(const char* s)
      |                  ~~~~~~~~~~~^~~~
      |                  operator""_mpq
/opt/homebrew/include/gmpxx.h:2175:29: warning: identifier '_mpf' preceded by whitespace in a literal operator declaration is deprecated [-Wdeprecated-literal-operator]
 2175 | inline mpf_class operator"" _mpf(const char* s)
      |                  ~~~~~~~~~~~^~~~
      |                  operator""_mpf
3 warnings generated.
[ 26%] Building CXX object CMakeFiles/capd.dir/capdDynSys/src/mpcapd/diffAlgebra/SolutionCurve.cpp.o
In file included from /Users/sumit/opt/capd-src-2f06098/capdDynSys/src/mpcapd/diffAlgebra/SolutionCurve.cpp:14:
In file included from /Users/sumit/opt/capd-src-2f06098/capdAlg/include/capd/vectalg/mplib.h:21:
In file included from /Users/sumit/opt/capd-src-2f06098/capdAlg/include/capd/multiPrec/mplib.h:23:
In file included from /Users/sumit/opt/capd-src-2f06098/capdAlg/include/capd/multiPrec/MpInt.h:28:
/opt/homebrew/include/gmpxx.h:2163:29: warning: identifier '_mpz' preceded by whitespace in a literal operator declaration is deprecated [-Wdeprecated-literal-operator]
 2163 | inline mpz_class operator"" _mpz(const char* s)
      |                  ~~~~~~~~~~~^~~~
      |                  operator""_mpz
/opt/homebrew/include/gmpxx.h:2168:29: warning: identifier '_mpq' preceded by whitespace in a literal operator declaration is deprecated [-Wdeprecated-literal-operator]
 2168 | inline mpq_class operator"" _mpq(const char* s)
      |                  ~~~~~~~~~~~^~~~
      |                  operator""_mpq
/opt/homebrew/include/gmpxx.h:2175:29: warning: identifier '_mpf' preceded by whitespace in a literal operator declaration is deprecated [-Wdeprecated-literal-operator]
 2175 | inline mpf_class operator"" _mpf(const char* s)
      |                  ~~~~~~~~~~~^~~~
      |                  operator""_mpf
3 warnings generated.
[ 27%] Building CXX object CMakeFiles/capd.dir/capdDynSys/src/mpcapd/diffAlgebra/C1TimeJet.cpp.o
In file included from /Users/sumit/opt/capd-src-2f06098/capdDynSys/src/mpcapd/diffAlgebra/C1TimeJet.cpp:13:
In file included from /Users/sumit/opt/capd-src-2f06098/capdAlg/include/capd/intervals/mplib.h:18:
In file included from /Users/sumit/opt/capd-src-2f06098/capdAlg/include/capd/multiPrec/mplib.h:23:
In file included from /Users/sumit/opt/capd-src-2f06098/capdAlg/include/capd/multiPrec/MpInt.h:28:
/opt/homebrew/include/gmpxx.h:2163:29: warning: identifier '_mpz' preceded by whitespace in a literal operator declaration is deprecated [-Wdeprecated-literal-operator]
 2163 | inline mpz_class operator"" _mpz(const char* s)
      |                  ~~~~~~~~~~~^~~~
      |                  operator""_mpz
/opt/homebrew/include/gmpxx.h:2168:29: warning: identifier '_mpq' preceded by whitespace in a literal operator declaration is deprecated [-Wdeprecated-literal-operator]
 2168 | inline mpq_class operator"" _mpq(const char* s)
      |                  ~~~~~~~~~~~^~~~
      |                  operator""_mpq
/opt/homebrew/include/gmpxx.h:2175:29: warning: identifier '_mpf' preceded by whitespace in a literal operator declaration is deprecated [-Wdeprecated-literal-operator]
 2175 | inline mpf_class operator"" _mpf(const char* s)
      |                  ~~~~~~~~~~~^~~~
      |                  operator""_mpf
3 warnings generated.
[ 27%] Building CXX object CMakeFiles/capd.dir/capdDynSys/src/mpcapd/diffAlgebra/Hessian.cpp.o
3 warnings generated.
[ 27%] Building CXX object CMakeFiles/capd.dir/capdDynSys/src/mpcapd/diffIncl/DiffInclusionLN.cpp.o
In file included from /Users/sumit/opt/capd-src-2f06098/capdDynSys/src/mpcapd/diffAlgebra/Hessian.cpp:14:
In file included from /Users/sumit/opt/capd-src-2f06098/capdAlg/include/capd/multiPrec/mplib.h:23:
In file included from /Users/sumit/opt/capd-src-2f06098/capdAlg/include/capd/multiPrec/MpInt.h:28:
/opt/homebrew/include/gmpxx.h:2163:29: warning: identifier '_mpz' preceded by whitespace in a literal operator declaration is deprecated [-Wdeprecated-literal-operator]
 2163 | inline mpz_class operator"" _mpz(const char* s)
      |                  ~~~~~~~~~~~^~~~
      |                  operator""_mpz
/opt/homebrew/include/gmpxx.h:2168:29: warning: identifier '_mpq' preceded by whitespace in a literal operator declaration is deprecated [-Wdeprecated-literal-operator]
 2168 | inline mpq_class operator"" _mpq(const char* s)
      |                  ~~~~~~~~~~~^~~~
      |                  operator""_mpq
/opt/homebrew/include/gmpxx.h:2175:29: warning: identifier '_mpf' preceded by whitespace in a literal operator declaration is deprecated [-Wdeprecated-literal-operator]
 2175 | inline mpf_class operator"" _mpf(const char* s)
      |                  ~~~~~~~~~~~^~~~
      |                  operator""_mpf
In file included from /Users/sumit/opt/capd-src-2f06098/capdDynSys/src/mpcapd/diffIncl/DiffInclusionLN.cpp:13:
In file included from /Users/sumit/opt/capd-src-2f06098/capdAlg/include/capd/vectalg/mplib.h:21:
In file included from /Users/sumit/opt/capd-src-2f06098/capdAlg/include/capd/multiPrec/mplib.h:23:
In file included from /Users/sumit/opt/capd-src-2f06098/capdAlg/include/capd/multiPrec/MpInt.h:28:
/opt/homebrew/include/gmpxx.h:2163:29: warning: identifier '_mpz' preceded by whitespace in a literal operator declaration is deprecated [-Wdeprecated-literal-operator]
 2163 | inline mpz_class operator"" _mpz(const char* s)
      |                  ~~~~~~~~~~~^~~~
      |                  operator""_mpz
/opt/homebrew/include/gmpxx.h:2168:29: warning: identifier '_mpq' preceded by whitespace in a literal operator declaration is deprecated [-Wdeprecated-literal-operator]
 2168 | inline mpq_class operator"" _mpq(const char* s)
      |                  ~~~~~~~~~~~^~~~
      |                  operator""_mpq
/opt/homebrew/include/gmpxx.h:2175:29: warning: identifier '_mpf' preceded by whitespace in a literal operator declaration is deprecated [-Wdeprecated-literal-operator]
 2175 | inline mpf_class operator"" _mpf(const char* s)
      |                  ~~~~~~~~~~~^~~~
      |                  operator""_mpf
3 warnings generated.
[ 28%] Building CXX object CMakeFiles/capd.dir/capdDynSys/src/mpcapd/diffIncl/DiffInclusion.cpp.o
In file included from /Users/sumit/opt/capd-src-2f06098/capdDynSys/src/mpcapd/diffIncl/DiffInclusion.cpp:13:
In file included from /Users/sumit/opt/capd-src-2f06098/capdAlg/include/capd/vectalg/mplib.h:21:
In file included from /Users/sumit/opt/capd-src-2f06098/capdAlg/include/capd/multiPrec/mplib.h:23:
In file included from /Users/sumit/opt/capd-src-2f06098/capdAlg/include/capd/multiPrec/MpInt.h:28:
/opt/homebrew/include/gmpxx.h:2163:29: warning: identifier '_mpz' preceded by whitespace in a literal operator declaration is deprecated [-Wdeprecated-literal-operator]
 2163 | inline mpz_class operator"" _mpz(const char* s)
      |                  ~~~~~~~~~~~^~~~
      |                  operator""_mpz
/opt/homebrew/include/gmpxx.h:2168:29: warning: identifier '_mpq' preceded by whitespace in a literal operator declaration is deprecated [-Wdeprecated-literal-operator]
 2168 | inline mpq_class operator"" _mpq(const char* s)
      |                  ~~~~~~~~~~~^~~~
      |                  operator""_mpq
/opt/homebrew/include/gmpxx.h:2175:29: warning: identifier '_mpf' preceded by whitespace in a literal operator declaration is deprecated [-Wdeprecated-literal-operator]
 2175 | inline mpf_class operator"" _mpf(const char* s)
      |                  ~~~~~~~~~~~^~~~
      |                  operator""_mpf
3 warnings generated.
[ 28%] Building CXX object CMakeFiles/capd.dir/capdDynSys/src/mpcapd/diffIncl/MultiMap.cpp.o
In file included from /Users/sumit/opt/capd-src-2f06098/capdDynSys/src/mpcapd/diffIncl/MultiMap.cpp:13:
In file included from /Users/sumit/opt/capd-src-2f06098/capdDynSys/include/capd/map/mplib.h:21:
In file included from /Users/sumit/opt/capd-src-2f06098/capdAlg/include/capd/vectalg/mplib.h:21:
In file included from /Users/sumit/opt/capd-src-2f06098/capdAlg/include/capd/multiPrec/mplib.h:23:
In file included from /Users/sumit/opt/capd-src-2f06098/capdAlg/include/capd/multiPrec/MpInt.h:28:
/opt/homebrew/include/gmpxx.h:2163:29: warning: identifier '_mpz' preceded by whitespace in a literal operator declaration is deprecated [-Wdeprecated-literal-operator]
 2163 | inline mpz_class operator"" _mpz(const char* s)
      |                  ~~~~~~~~~~~^~~~
      |                  operator""_mpz
/opt/homebrew/include/gmpxx.h:2168:29: warning: identifier '_mpq' preceded by whitespace in a literal operator declaration is deprecated [-Wdeprecated-literal-operator]
 2168 | inline mpq_class operator"" _mpq(const char* s)
      |                  ~~~~~~~~~~~^~~~
      |                  operator""_mpq
/opt/homebrew/include/gmpxx.h:2175:29: warning: identifier '_mpf' preceded by whitespace in a literal operator declaration is deprecated [-Wdeprecated-literal-operator]
 2175 | inline mpf_class operator"" _mpf(const char* s)
      |                  ~~~~~~~~~~~^~~~
      |                  operator""_mpf
3 warnings generated.
[ 28%] Building CXX object CMakeFiles/capd.dir/capdDynSys/src/mpcapd/diffIncl/InclRect2Set.cpp.o
3 warnings generated.
[ 28%] Building CXX object CMakeFiles/capd.dir/capdDynSys/src/mpcapd/diffIncl/DiffInclusionCW.cpp.o
In file included from /Users/sumit/opt/capd-src-2f06098/capdDynSys/src/mpcapd/diffIncl/InclRect2Set.cpp:13:
In file included from /Users/sumit/opt/capd-src-2f06098/capdAlg/include/capd/vectalg/mplib.h:21:
In file included from /Users/sumit/opt/capd-src-2f06098/capdAlg/include/capd/multiPrec/mplib.h:23:
In file included from /Users/sumit/opt/capd-src-2f06098/capdAlg/include/capd/multiPrec/MpInt.h:28:
/opt/homebrew/include/gmpxx.h:2163:29: warning: identifier '_mpz' preceded by whitespace in a literal operator declaration is deprecated [-Wdeprecated-literal-operator]
 2163 | inline mpz_class operator"" _mpz(const char* s)
      |                  ~~~~~~~~~~~^~~~
      |                  operator""_mpz
/opt/homebrew/include/gmpxx.h:2168:29: warning: identifier '_mpq' preceded by whitespace in a literal operator declaration is deprecated [-Wdeprecated-literal-operator]
 2168 | inline mpq_class operator"" _mpq(const char* s)
      |                  ~~~~~~~~~~~^~~~
      |                  operator""_mpq
/opt/homebrew/include/gmpxx.h:2175:29: warning: identifier '_mpf' preceded by whitespace in a literal operator declaration is deprecated [-Wdeprecated-literal-operator]
 2175 | inline mpf_class operator"" _mpf(const char* s)
      |                  ~~~~~~~~~~~^~~~
      |                  operator""_mpf
In file included from /Users/sumit/opt/capd-src-2f06098/capdDynSys/src/mpcapd/diffIncl/DiffInclusionCW.cpp:13:
In file included from /Users/sumit/opt/capd-src-2f06098/capdAlg/include/capd/vectalg/mplib.h:21:
In file included from /Users/sumit/opt/capd-src-2f06098/capdAlg/include/capd/multiPrec/mplib.h:23:
In file included from /Users/sumit/opt/capd-src-2f06098/capdAlg/include/capd/multiPrec/MpInt.h:28:
/opt/homebrew/include/gmpxx.h:2163:29: warning: identifier '_mpz' preceded by whitespace in a literal operator declaration is deprecated [-Wdeprecated-literal-operator]
 2163 | inline mpz_class operator"" _mpz(const char* s)
      |                  ~~~~~~~~~~~^~~~
      |                  operator""_mpz
/opt/homebrew/include/gmpxx.h:2168:29: warning: identifier '_mpq' preceded by whitespace in a literal operator declaration is deprecated [-Wdeprecated-literal-operator]
 2168 | inline mpq_class operator"" _mpq(const char* s)
      |                  ~~~~~~~~~~~^~~~
      |                  operator""_mpq
/opt/homebrew/include/gmpxx.h:2175:29: warning: identifier '_mpf' preceded by whitespace in a literal operator declaration is deprecated [-Wdeprecated-literal-operator]
 2175 | inline mpf_class operator"" _mpf(const char* s)
      |                  ~~~~~~~~~~~^~~~
      |                  operator""_mpf
3 warnings generated.
[ 29%] Building CXX object CMakeFiles/capd.dir/capdDynSys/src/mpcapd/dynset/CnRect2Set.cpp.o
In file included from /Users/sumit/opt/capd-src-2f06098/capdDynSys/src/mpcapd/dynset/CnRect2Set.cpp:16:
In file included from /Users/sumit/opt/capd-src-2f06098/capdAlg/include/capd/vectalg/mplib.h:21:
In file included from /Users/sumit/opt/capd-src-2f06098/capdAlg/include/capd/multiPrec/mplib.h:23:
In file included from /Users/sumit/opt/capd-src-2f06098/capdAlg/include/capd/multiPrec/MpInt.h:28:
/opt/homebrew/include/gmpxx.h:2163:29: warning: identifier '_mpz' preceded by whitespace in a literal operator declaration is deprecated [-Wdeprecated-literal-operator]
 2163 | inline mpz_class operator"" _mpz(const char* s)
      |                  ~~~~~~~~~~~^~~~
      |                  operator""_mpz
/opt/homebrew/include/gmpxx.h:2168:29: warning: identifier '_mpq' preceded by whitespace in a literal operator declaration is deprecated [-Wdeprecated-literal-operator]
 2168 | inline mpq_class operator"" _mpq(const char* s)
      |                  ~~~~~~~~~~~^~~~
      |                  operator""_mpq
/opt/homebrew/include/gmpxx.h:2175:29: warning: identifier '_mpf' preceded by whitespace in a literal operator declaration is deprecated [-Wdeprecated-literal-operator]
 2175 | inline mpf_class operator"" _mpf(const char* s)
      |                  ~~~~~~~~~~~^~~~
      |                  operator""_mpf
3 warnings generated.
[ 29%] Building CXX object CMakeFiles/capd.dir/capdDynSys/src/mpcapd/dynset/C1DoubletonSet.cpp.o
3 warnings generated.
[ 29%] Building CXX object CMakeFiles/capd.dir/capdDynSys/src/mpcapd/dynset/C1AffineSet.cpp.o
In file included from /Users/sumit/opt/capd-src-2f06098/capdDynSys/src/mpcapd/dynset/C1DoubletonSet.cpp:17:
In file included from /Users/sumit/opt/capd-src-2f06098/capdAlg/include/capd/vectalg/mplib.h:21:
In file included from /Users/sumit/opt/capd-src-2f06098/capdAlg/include/capd/multiPrec/mplib.h:23:
In file included from /Users/sumit/opt/capd-src-2f06098/capdAlg/include/capd/multiPrec/MpInt.h:28:
/opt/homebrew/include/gmpxx.h:2163:29: warning: identifier '_mpz' preceded by whitespace in a literal operator declaration is deprecated [-Wdeprecated-literal-operator]
 2163 | inline mpz_class operator"" _mpz(const char* s)
      |                  ~~~~~~~~~~~^~~~
      |                  operator""_mpz
/opt/homebrew/include/gmpxx.h:2168:29: warning: identifier '_mpq' preceded by whitespace in a literal operator declaration is deprecated [-Wdeprecated-literal-operator]
 2168 | inline mpq_class operator"" _mpq(const char* s)
      |                  ~~~~~~~~~~~^~~~
      |                  operator""_mpq
/opt/homebrew/include/gmpxx.h:2175:29: warning: identifier '_mpf' preceded by whitespace in a literal operator declaration is deprecated [-Wdeprecated-literal-operator]
 2175 | inline mpf_class operator"" _mpf(const char* s)
      |                  ~~~~~~~~~~~^~~~
      |                  operator""_mpf
In file included from /Users/sumit/opt/capd-src-2f06098/capdDynSys/src/mpcapd/dynset/C1AffineSet.cpp:17:
In file included from /Users/sumit/opt/capd-src-2f06098/capdAlg/include/capd/vectalg/mplib.h:21:
In file included from /Users/sumit/opt/capd-src-2f06098/capdAlg/include/capd/multiPrec/mplib.h:23:
In file included from /Users/sumit/opt/capd-src-2f06098/capdAlg/include/capd/multiPrec/MpInt.h:28:
/opt/homebrew/include/gmpxx.h:2163:29: warning: identifier '_mpz' preceded by whitespace in a literal operator declaration is deprecated [-Wdeprecated-literal-operator]
 2163 | inline mpz_class operator"" _mpz(const char* s)
      |                  ~~~~~~~~~~~^~~~
      |                  operator""_mpz
/opt/homebrew/include/gmpxx.h:2168:29: warning: identifier '_mpq' preceded by whitespace in a literal operator declaration is deprecated [-Wdeprecated-literal-operator]
 2168 | inline mpq_class operator"" _mpq(const char* s)
      |                  ~~~~~~~~~~~^~~~
      |                  operator""_mpq
/opt/homebrew/include/gmpxx.h:2175:29: warning: identifier '_mpf' preceded by whitespace in a literal operator declaration is deprecated [-Wdeprecated-literal-operator]
 2175 | inline mpf_class operator"" _mpf(const char* s)
      |                  ~~~~~~~~~~~^~~~
      |                  operator""_mpf
3 warnings generated.
[ 30%] Building CXX object CMakeFiles/capd.dir/capdDynSys/src/mpcapd/dynset/C0AffineSet.cpp.o
3 warnings generated.
[ 30%] Building CXX object CMakeFiles/capd.dir/capdDynSys/src/mpcapd/dynset/C2DoubletonSet.cpp.o
In file included from /Users/sumit/opt/capd-src-2f06098/capdDynSys/src/mpcapd/dynset/C0AffineSet.cpp:14:
In file included from /Users/sumit/opt/capd-src-2f06098/capdAlg/include/capd/vectalg/mplib.h:21:
In file included from /Users/sumit/opt/capd-src-2f06098/capdAlg/include/capd/multiPrec/mplib.h:23:
In file included from /Users/sumit/opt/capd-src-2f06098/capdAlg/include/capd/multiPrec/MpInt.h:28:
/opt/homebrew/include/gmpxx.h:2163:29: warning: identifier '_mpz' preceded by whitespace in a literal operator declaration is deprecated [-Wdeprecated-literal-operator]
 2163 | inline mpz_class operator"" _mpz(const char* s)
      |                  ~~~~~~~~~~~^~~~
      |                  operator""_mpz
/opt/homebrew/include/gmpxx.h:2168:29: warning: identifier '_mpq' preceded by whitespace in a literal operator declaration is deprecated [-Wdeprecated-literal-operator]
 2168 | inline mpq_class operator"" _mpq(const char* s)
      |                  ~~~~~~~~~~~^~~~
      |                  operator""_mpq
/opt/homebrew/include/gmpxx.h:2175:29: warning: identifier '_mpf' preceded by whitespace in a literal operator declaration is deprecated [-Wdeprecated-literal-operator]
 2175 | inline mpf_class operator"" _mpf(const char* s)
      |                  ~~~~~~~~~~~^~~~
      |                  operator""_mpf
In file included from /Users/sumit/opt/capd-src-2f06098/capdDynSys/src/mpcapd/dynset/C2DoubletonSet.cpp:16:
In file included from /Users/sumit/opt/capd-src-2f06098/capdAlg/include/capd/vectalg/mplib.h:21:
In file included from /Users/sumit/opt/capd-src-2f06098/capdAlg/include/capd/multiPrec/mplib.h:23:
In file included from /Users/sumit/opt/capd-src-2f06098/capdAlg/include/capd/multiPrec/MpInt.h:28:
/opt/homebrew/include/gmpxx.h:2163:29: warning: identifier '_mpz' preceded by whitespace in a literal operator declaration is deprecated [-Wdeprecated-literal-operator]
 2163 | inline mpz_class operator"" _mpz(const char* s)
      |                  ~~~~~~~~~~~^~~~
      |                  operator""_mpz
/opt/homebrew/include/gmpxx.h:2168:29: warning: identifier '_mpq' preceded by whitespace in a literal operator declaration is deprecated [-Wdeprecated-literal-operator]
 2168 | inline mpq_class operator"" _mpq(const char* s)
      |                  ~~~~~~~~~~~^~~~
      |                  operator""_mpq
/opt/homebrew/include/gmpxx.h:2175:29: warning: identifier '_mpf' preceded by whitespace in a literal operator declaration is deprecated [-Wdeprecated-literal-operator]
 2175 | inline mpf_class operator"" _mpf(const char* s)
      |                  ~~~~~~~~~~~^~~~
      |                  operator""_mpf
3 warnings generated.
[ 30%] Building CXX object CMakeFiles/capd.dir/capdDynSys/src/mpcapd/dynset/C0DoubletonSet.cpp.o
3 warnings generated.
[ 30%] Building CXX object CMakeFiles/capd.dir/capdDynSys/src/mpcapd/dynset/C1HOSet.cpp.o
In file included from /Users/sumit/opt/capd-src-2f06098/capdDynSys/src/mpcapd/dynset/C0DoubletonSet.cpp:13:
In file included from /Users/sumit/opt/capd-src-2f06098/capdAlg/include/capd/vectalg/mplib.h:21:
In file included from /Users/sumit/opt/capd-src-2f06098/capdAlg/include/capd/multiPrec/mplib.h:23:
In file included from /Users/sumit/opt/capd-src-2f06098/capdAlg/include/capd/multiPrec/MpInt.h:28:
/opt/homebrew/include/gmpxx.h:2163:29: warning: identifier '_mpz' preceded by whitespace in a literal operator declaration is deprecated [-Wdeprecated-literal-operator]
 2163 | inline mpz_class operator"" _mpz(const char* s)
      |                  ~~~~~~~~~~~^~~~
      |                  operator""_mpz
/opt/homebrew/include/gmpxx.h:2168:29: warning: identifier '_mpq' preceded by whitespace in a literal operator declaration is deprecated [-Wdeprecated-literal-operator]
 2168 | inline mpq_class operator"" _mpq(const char* s)
      |                  ~~~~~~~~~~~^~~~
      |                  operator""_mpq
/opt/homebrew/include/gmpxx.h:2175:29: warning: identifier '_mpf' preceded by whitespace in a literal operator declaration is deprecated [-Wdeprecated-literal-operator]
 2175 | inline mpf_class operator"" _mpf(const char* s)
      |                  ~~~~~~~~~~~^~~~
      |                  operator""_mpf
In file included from /Users/sumit/opt/capd-src-2f06098/capdDynSys/src/mpcapd/dynset/C1HOSet.cpp:14:
In file included from /Users/sumit/opt/capd-src-2f06098/capdAlg/include/capd/vectalg/mplib.h:21:
In file included from /Users/sumit/opt/capd-src-2f06098/capdAlg/include/capd/multiPrec/mplib.h:23:
In file included from /Users/sumit/opt/capd-src-2f06098/capdAlg/include/capd/multiPrec/MpInt.h:28:
/opt/homebrew/include/gmpxx.h:2163:29: warning: identifier '_mpz' preceded by whitespace in a literal operator declaration is deprecated [-Wdeprecated-literal-operator]
 2163 | inline mpz_class operator"" _mpz(const char* s)
      |                  ~~~~~~~~~~~^~~~
      |                  operator""_mpz
/opt/homebrew/include/gmpxx.h:2168:29: warning: identifier '_mpq' preceded by whitespace in a literal operator declaration is deprecated [-Wdeprecated-literal-operator]
 2168 | inline mpq_class operator"" _mpq(const char* s)
      |                  ~~~~~~~~~~~^~~~
      |                  operator""_mpq
/opt/homebrew/include/gmpxx.h:2175:29: warning: identifier '_mpf' preceded by whitespace in a literal operator declaration is deprecated [-Wdeprecated-literal-operator]
 2175 | inline mpf_class operator"" _mpf(const char* s)
      |                  ~~~~~~~~~~~^~~~
      |                  operator""_mpf
3 warnings generated.
[ 31%] Building CXX object CMakeFiles/capd.dir/capdDynSys/src/mpcapd/dynset/CnDoubletonSet.cpp.o
3 warnings generated.
[ 31%] Building CXX object CMakeFiles/capd.dir/capdDynSys/src/mpcapd/dynset/C11Rect2Set.cpp.o
In file included from /Users/sumit/opt/capd-src-2f06098/capdDynSys/src/mpcapd/dynset/CnDoubletonSet.cpp:15:
In file included from /Users/sumit/opt/capd-src-2f06098/capdAlg/include/capd/vectalg/mplib.h:21:
In file included from /Users/sumit/opt/capd-src-2f06098/capdAlg/include/capd/multiPrec/mplib.h:23:
In file included from /Users/sumit/opt/capd-src-2f06098/capdAlg/include/capd/multiPrec/MpInt.h:28:
/opt/homebrew/include/gmpxx.h:2163:29: warning: identifier '_mpz' preceded by whitespace in a literal operator declaration is deprecated [-Wdeprecated-literal-operator]
 2163 | inline mpz_class operator"" _mpz(const char* s)
      |                  ~~~~~~~~~~~^~~~
      |                  operator""_mpz
/opt/homebrew/include/gmpxx.h:2168:29: warning: identifier '_mpq' preceded by whitespace in a literal operator declaration is deprecated [-Wdeprecated-literal-operator]
 2168 | inline mpq_class operator"" _mpq(const char* s)
      |                  ~~~~~~~~~~~^~~~
      |                  operator""_mpq
/opt/homebrew/include/gmpxx.h:2175:29: warning: identifier '_mpf' preceded by whitespace in a literal operator declaration is deprecated [-Wdeprecated-literal-operator]
 2175 | inline mpf_class operator"" _mpf(const char* s)
      |                  ~~~~~~~~~~~^~~~
      |                  operator""_mpf
In file included from /Users/sumit/opt/capd-src-2f06098/capdDynSys/src/mpcapd/dynset/C11Rect2Set.cpp:13:
In file included from /Users/sumit/opt/capd-src-2f06098/capdAlg/include/capd/vectalg/mplib.h:21:
In file included from /Users/sumit/opt/capd-src-2f06098/capdAlg/include/capd/multiPrec/mplib.h:23:
In file included from /Users/sumit/opt/capd-src-2f06098/capdAlg/include/capd/multiPrec/MpInt.h:28:
/opt/homebrew/include/gmpxx.h:2163:29: warning: identifier '_mpz' preceded by whitespace in a literal operator declaration is deprecated [-Wdeprecated-literal-operator]
 2163 | inline mpz_class operator"" _mpz(const char* s)
      |                  ~~~~~~~~~~~^~~~
      |                  operator""_mpz
/opt/homebrew/include/gmpxx.h:2168:29: warning: identifier '_mpq' preceded by whitespace in a literal operator declaration is deprecated [-Wdeprecated-literal-operator]
 2168 | inline mpq_class operator"" _mpq(const char* s)
      |                  ~~~~~~~~~~~^~~~
      |                  operator""_mpq
/opt/homebrew/include/gmpxx.h:2175:29: warning: identifier '_mpf' preceded by whitespace in a literal operator declaration is deprecated [-Wdeprecated-literal-operator]
 2175 | inline mpf_class operator"" _mpf(const char* s)
      |                  ~~~~~~~~~~~^~~~
      |                  operator""_mpf
3 warnings generated.
3 warnings generated.
[ 31%] Building CXX object CMakeFiles/capd.dir/capdDynSys/src/mpcapd/dynset/C0TripletonSet.cpp.o
[ 32%] Building CXX object CMakeFiles/capd.dir/capdDynSys/src/mpcapd/dynset/FactorReorganization.cpp.o
In file included from /Users/sumit/opt/capd-src-2f06098/capdDynSys/src/mpcapd/dynset/FactorReorganization.cpp:17:
In file included from /Users/sumit/opt/capd-src-2f06098/capdAlg/include/capd/vectalg/mplib.h:21:
In file included from /Users/sumit/opt/capd-src-2f06098/capdAlg/include/capd/multiPrec/mplib.h:23:
In file included from /Users/sumit/opt/capd-src-2f06098/capdAlg/include/capd/multiPrec/MpInt.h:28:
/opt/homebrew/include/gmpxx.h:2163:29: warning: identifier '_mpz' preceded by whitespace in a literal operator declaration is deprecated [-Wdeprecated-literal-operator]
 2163 | inline mpz_class operator"" _mpz(const char* s)
      |                  ~~~~~~~~~~~^~~~
      |                  operator""_mpz
/opt/homebrew/include/gmpxx.h:2168:29: warning: identifier '_mpq' preceded by whitespace in a literal operator declaration is deprecated [-Wdeprecated-literal-operator]
 2168 | inline mpq_class operator"" _mpq(const char* s)
      |                  ~~~~~~~~~~~^~~~
      |                  operator""_mpq
/opt/homebrew/include/gmpxx.h:2175:29: warning: identifier '_mpf' preceded by whitespace in a literal operator declaration is deprecated [-Wdeprecated-literal-operator]
 2175 | inline mpf_class operator"" _mpf(const char* s)
      |                  ~~~~~~~~~~~^~~~
      |                  operator""_mpf
In file included from /Users/sumit/opt/capd-src-2f06098/capdDynSys/src/mpcapd/dynset/C0TripletonSet.cpp:12:
In file included from /Users/sumit/opt/capd-src-2f06098/capdAlg/include/capd/vectalg/mplib.h:21:
In file included from /Users/sumit/opt/capd-src-2f06098/capdAlg/include/capd/multiPrec/mplib.h:23:
In file included from /Users/sumit/opt/capd-src-2f06098/capdAlg/include/capd/multiPrec/MpInt.h:28:
/opt/homebrew/include/gmpxx.h:2163:29: warning: identifier '_mpz' preceded by whitespace in a literal operator declaration is deprecated [-Wdeprecated-literal-operator]
 2163 | inline mpz_class operator"" _mpz(const char* s)
      |                  ~~~~~~~~~~~^~~~
      |                  operator""_mpz
/opt/homebrew/include/gmpxx.h:2168:29: warning: identifier '_mpq' preceded by whitespace in a literal operator declaration is deprecated [-Wdeprecated-literal-operator]
 2168 | inline mpq_class operator"" _mpq(const char* s)
      |                  ~~~~~~~~~~~^~~~
      |                  operator""_mpq
/opt/homebrew/include/gmpxx.h:2175:29: warning: identifier '_mpf' preceded by whitespace in a literal operator declaration is deprecated [-Wdeprecated-literal-operator]
 2175 | inline mpf_class operator"" _mpf(const char* s)
      |                  ~~~~~~~~~~~^~~~
      |                  operator""_mpf
3 warnings generated.
[ 32%] Building CXX object CMakeFiles/capd.dir/capdDynSys/src/mpcapd/dynset/C0HOSet.cpp.o
In file included from /Users/sumit/opt/capd-src-2f06098/capdDynSys/src/mpcapd/dynset/C0HOSet.cpp:14:
In file included from /Users/sumit/opt/capd-src-2f06098/capdAlg/include/capd/vectalg/mplib.h:21:
In file included from /Users/sumit/opt/capd-src-2f06098/capdAlg/include/capd/multiPrec/mplib.h:23:
In file included from /Users/sumit/opt/capd-src-2f06098/capdAlg/include/capd/multiPrec/MpInt.h:28:
/opt/homebrew/include/gmpxx.h:2163:29: warning: identifier '_mpz' preceded by whitespace in a literal operator declaration is deprecated [-Wdeprecated-literal-operator]
 2163 | inline mpz_class operator"" _mpz(const char* s)
      |                  ~~~~~~~~~~~^~~~
      |                  operator""_mpz
/opt/homebrew/include/gmpxx.h:2168:29: warning: identifier '_mpq' preceded by whitespace in a literal operator declaration is deprecated [-Wdeprecated-literal-operator]
 2168 | inline mpq_class operator"" _mpq(const char* s)
      |                  ~~~~~~~~~~~^~~~
      |                  operator""_mpq
/opt/homebrew/include/gmpxx.h:2175:29: warning: identifier '_mpf' preceded by whitespace in a literal operator declaration is deprecated [-Wdeprecated-literal-operator]
 2175 | inline mpf_class operator"" _mpf(const char* s)
      |                  ~~~~~~~~~~~^~~~
      |                  operator""_mpf
3 warnings generated.
[ 32%] Building CXX object CMakeFiles/capd.dir/capdDynSys/src/mpcapd/dynsys/FadOdeSolver.cpp.o
3 warnings generated.
[ 32%] Building CXX object CMakeFiles/capd.dir/capdDynSys/src/mpcapd/dynsys/DynSys.cpp.o
In file included from /Users/sumit/opt/capd-src-2f06098/capdDynSys/src/mpcapd/dynsys/FadOdeSolver.cpp:13:
In file included from /Users/sumit/opt/capd-src-2f06098/capdAlg/include/capd/vectalg/mplib.h:21:
In file included from /Users/sumit/opt/capd-src-2f06098/capdAlg/include/capd/multiPrec/mplib.h:23:
In file included from /Users/sumit/opt/capd-src-2f06098/capdAlg/include/capd/multiPrec/MpInt.h:28:
/opt/homebrew/include/gmpxx.h:2163:29: warning: identifier '_mpz' preceded by whitespace in a literal operator declaration is deprecated [-Wdeprecated-literal-operator]
 2163 | inline mpz_class operator"" _mpz(const char* s)
      |                  ~~~~~~~~~~~^~~~
      |                  operator""_mpz
/opt/homebrew/include/gmpxx.h:2168:29: warning: identifier '_mpq' preceded by whitespace in a literal operator declaration is deprecated [-Wdeprecated-literal-operator]
 2168 | inline mpq_class operator"" _mpq(const char* s)
      |                  ~~~~~~~~~~~^~~~
      |                  operator""_mpq
/opt/homebrew/include/gmpxx.h:2175:29: warning: identifier '_mpf' preceded by whitespace in a literal operator declaration is deprecated [-Wdeprecated-literal-operator]
 2175 | inline mpf_class operator"" _mpf(const char* s)
      |                  ~~~~~~~~~~~^~~~
      |                  operator""_mpf
In file included from /Users/sumit/opt/capd-src-2f06098/capdDynSys/src/mpcapd/dynsys/DynSys.cpp:17:
In file included from /Users/sumit/opt/capd-src-2f06098/capdAlg/include/capd/vectalg/mplib.h:21:
In file included from /Users/sumit/opt/capd-src-2f06098/capdAlg/include/capd/multiPrec/mplib.h:23:
In file included from /Users/sumit/opt/capd-src-2f06098/capdAlg/include/capd/multiPrec/MpInt.h:28:
/opt/homebrew/include/gmpxx.h:2163:29: warning: identifier '_mpz' preceded by whitespace in a literal operator declaration is deprecated [-Wdeprecated-literal-operator]
 2163 | inline mpz_class operator"" _mpz(const char* s)
      |                  ~~~~~~~~~~~^~~~
      |                  operator""_mpz
/opt/homebrew/include/gmpxx.h:2168:29: warning: identifier '_mpq' preceded by whitespace in a literal operator declaration is deprecated [-Wdeprecated-literal-operator]
 2168 | inline mpq_class operator"" _mpq(const char* s)
      |                  ~~~~~~~~~~~^~~~
      |                  operator""_mpq
/opt/homebrew/include/gmpxx.h:2175:29: warning: identifier '_mpf' preceded by whitespace in a literal operator declaration is deprecated [-Wdeprecated-literal-operator]
 2175 | inline mpf_class operator"" _mpf(const char* s)
      |                  ~~~~~~~~~~~^~~~
      |                  operator""_mpf
3 warnings generated.
[ 33%] Building CXX object CMakeFiles/capd.dir/capdDynSys/src/mpcapd/dynsys/OdeSolver.cpp.o
In file included from /Users/sumit/opt/capd-src-2f06098/capdDynSys/src/mpcapd/dynsys/OdeSolver.cpp:13:
In file included from /Users/sumit/opt/capd-src-2f06098/capdAlg/include/capd/vectalg/mplib.h:21:
In file included from /Users/sumit/opt/capd-src-2f06098/capdAlg/include/capd/multiPrec/mplib.h:23:
In file included from /Users/sumit/opt/capd-src-2f06098/capdAlg/include/capd/multiPrec/MpInt.h:28:
/opt/homebrew/include/gmpxx.h:2163:29: warning: identifier '_mpz' preceded by whitespace in a literal operator declaration is deprecated [-Wdeprecated-literal-operator]
 2163 | inline mpz_class operator"" _mpz(const char* s)
      |                  ~~~~~~~~~~~^~~~
      |                  operator""_mpz
/opt/homebrew/include/gmpxx.h:2168:29: warning: identifier '_mpq' preceded by whitespace in a literal operator declaration is deprecated [-Wdeprecated-literal-operator]
 2168 | inline mpq_class operator"" _mpq(const char* s)
      |                  ~~~~~~~~~~~^~~~
      |                  operator""_mpq
/opt/homebrew/include/gmpxx.h:2175:29: warning: identifier '_mpf' preceded by whitespace in a literal operator declaration is deprecated [-Wdeprecated-literal-operator]
 2175 | inline mpf_class operator"" _mpf(const char* s)
      |                  ~~~~~~~~~~~^~~~
      |                  operator""_mpf
3 warnings generated.
[ 33%] Building CXX object CMakeFiles/capd.dir/capdDynSys/src/mpcapd/dynsys/C2OdeSolver.cpp.o
3 warnings generated.
[ 33%] Building CXX object CMakeFiles/capd.dir/capdDynSys/src/mpcapd/dynsys/CnOdeSolver.cpp.o
In file included from /Users/sumit/opt/capd-src-2f06098/capdDynSys/src/mpcapd/dynsys/C2OdeSolver.cpp:13:
In file included from /Users/sumit/opt/capd-src-2f06098/capdAlg/include/capd/vectalg/mplib.h:21:
In file included from /Users/sumit/opt/capd-src-2f06098/capdAlg/include/capd/multiPrec/mplib.h:23:
In file included from /Users/sumit/opt/capd-src-2f06098/capdAlg/include/capd/multiPrec/MpInt.h:28:
/opt/homebrew/include/gmpxx.h:2163:29: warning: identifier '_mpz' preceded by whitespace in a literal operator declaration is deprecated [-Wdeprecated-literal-operator]
 2163 | inline mpz_class operator"" _mpz(const char* s)
      |                  ~~~~~~~~~~~^~~~
      |                  operator""_mpz
/opt/homebrew/include/gmpxx.h:2168:29: warning: identifier '_mpq' preceded by whitespace in a literal operator declaration is deprecated [-Wdeprecated-literal-operator]
 2168 | inline mpq_class operator"" _mpq(const char* s)
      |                  ~~~~~~~~~~~^~~~
      |                  operator""_mpq
/opt/homebrew/include/gmpxx.h:2175:29: warning: identifier '_mpf' preceded by whitespace in a literal operator declaration is deprecated [-Wdeprecated-literal-operator]
 2175 | inline mpf_class operator"" _mpf(const char* s)
      |                  ~~~~~~~~~~~^~~~
      |                  operator""_mpf
In file included from /Users/sumit/opt/capd-src-2f06098/capdDynSys/src/mpcapd/dynsys/CnOdeSolver.cpp:13:
In file included from /Users/sumit/opt/capd-src-2f06098/capdAlg/include/capd/vectalg/mplib.h:21:
In file included from /Users/sumit/opt/capd-src-2f06098/capdAlg/include/capd/multiPrec/mplib.h:23:
In file included from /Users/sumit/opt/capd-src-2f06098/capdAlg/include/capd/multiPrec/MpInt.h:28:
/opt/homebrew/include/gmpxx.h:2163:29: warning: identifier '_mpz' preceded by whitespace in a literal operator declaration is deprecated [-Wdeprecated-literal-operator]
 2163 | inline mpz_class operator"" _mpz(const char* s)
      |                  ~~~~~~~~~~~^~~~
      |                  operator""_mpz
/opt/homebrew/include/gmpxx.h:2168:29: warning: identifier '_mpq' preceded by whitespace in a literal operator declaration is deprecated [-Wdeprecated-literal-operator]
 2168 | inline mpq_class operator"" _mpq(const char* s)
      |                  ~~~~~~~~~~~^~~~
      |                  operator""_mpq
/opt/homebrew/include/gmpxx.h:2175:29: warning: identifier '_mpf' preceded by whitespace in a literal operator declaration is deprecated [-Wdeprecated-literal-operator]
 2175 | inline mpf_class operator"" _mpf(const char* s)
      |                  ~~~~~~~~~~~^~~~
      |                  operator""_mpf
3 warnings generated.
[ 34%] Building CXX object CMakeFiles/capd.dir/capdDynSys/src/mpcapd/geomset/MatrixAffineSet.cpp.o
In file included from /Users/sumit/opt/capd-src-2f06098/capdDynSys/src/mpcapd/geomset/MatrixAffineSet.cpp:1:
In file included from /Users/sumit/opt/capd-src-2f06098/capdAlg/include/capd/vectalg/mplib.h:21:
In file included from /Users/sumit/opt/capd-src-2f06098/capdAlg/include/capd/multiPrec/mplib.h:23:
In file included from /Users/sumit/opt/capd-src-2f06098/capdAlg/include/capd/multiPrec/MpInt.h:28:
/opt/homebrew/include/gmpxx.h:2163:29: warning: identifier '_mpz' preceded by whitespace in a literal operator declaration is deprecated [-Wdeprecated-literal-operator]
 2163 | inline mpz_class operator"" _mpz(const char* s)
      |                  ~~~~~~~~~~~^~~~
      |                  operator""_mpz
/opt/homebrew/include/gmpxx.h:2168:29: warning: identifier '_mpq' preceded by whitespace in a literal operator declaration is deprecated [-Wdeprecated-literal-operator]
 2168 | inline mpq_class operator"" _mpq(const char* s)
      |                  ~~~~~~~~~~~^~~~
      |                  operator""_mpq
/opt/homebrew/include/gmpxx.h:2175:29: warning: identifier '_mpf' preceded by whitespace in a literal operator declaration is deprecated [-Wdeprecated-literal-operator]
 2175 | inline mpf_class operator"" _mpf(const char* s)
      |                  ~~~~~~~~~~~^~~~
      |                  operator""_mpf
3 warnings generated.
[ 34%] Building CXX object CMakeFiles/capd.dir/capdDynSys/src/mpcapd/geomset/TripletonSet.cpp.o
3 warnings generated.
[ 34%] Building CXX object CMakeFiles/capd.dir/capdDynSys/src/mpcapd/geomset/AffineSet.cpp.o
In file included from /Users/sumit/opt/capd-src-2f06098/capdDynSys/src/mpcapd/geomset/TripletonSet.cpp:15:
In file included from /Users/sumit/opt/capd-src-2f06098/capdAlg/include/capd/vectalg/mplib.h:21:
In file included from /Users/sumit/opt/capd-src-2f06098/capdAlg/include/capd/multiPrec/mplib.h:23:
In file included from /Users/sumit/opt/capd-src-2f06098/capdAlg/include/capd/multiPrec/MpInt.h:28:
/opt/homebrew/include/gmpxx.h:2163:29: warning: identifier '_mpz' preceded by whitespace in a literal operator declaration is deprecated [-Wdeprecated-literal-operator]
 2163 | inline mpz_class operator"" _mpz(const char* s)
      |                  ~~~~~~~~~~~^~~~
      |                  operator""_mpz
/opt/homebrew/include/gmpxx.h:2168:29: warning: identifier '_mpq' preceded by whitespace in a literal operator declaration is deprecated [-Wdeprecated-literal-operator]
 2168 | inline mpq_class operator"" _mpq(const char* s)
      |                  ~~~~~~~~~~~^~~~
      |                  operator""_mpq
/opt/homebrew/include/gmpxx.h:2175:29: warning: identifier '_mpf' preceded by whitespace in a literal operator declaration is deprecated [-Wdeprecated-literal-operator]
 2175 | inline mpf_class operator"" _mpf(const char* s)
      |                  ~~~~~~~~~~~^~~~
      |                  operator""_mpf
In file included from /Users/sumit/opt/capd-src-2f06098/capdDynSys/src/mpcapd/geomset/AffineSet.cpp:14:
In file included from /Users/sumit/opt/capd-src-2f06098/capdAlg/include/capd/vectalg/mplib.h:21:
In file included from /Users/sumit/opt/capd-src-2f06098/capdAlg/include/capd/multiPrec/mplib.h:23:
In file included from /Users/sumit/opt/capd-src-2f06098/capdAlg/include/capd/multiPrec/MpInt.h:28:
/opt/homebrew/include/gmpxx.h:2163:29: warning: identifier '_mpz' preceded by whitespace in a literal operator declaration is deprecated [-Wdeprecated-literal-operator]
 2163 | inline mpz_class operator"" _mpz(const char* s)
      |                  ~~~~~~~~~~~^~~~
      |                  operator""_mpz
/opt/homebrew/include/gmpxx.h:2168:29: warning: identifier '_mpq' preceded by whitespace in a literal operator declaration is deprecated [-Wdeprecated-literal-operator]
 2168 | inline mpq_class operator"" _mpq(const char* s)
      |                  ~~~~~~~~~~~^~~~
      |                  operator""_mpq
/opt/homebrew/include/gmpxx.h:2175:29: warning: identifier '_mpf' preceded by whitespace in a literal operator declaration is deprecated [-Wdeprecated-literal-operator]
 2175 | inline mpf_class operator"" _mpf(const char* s)
      |                  ~~~~~~~~~~~^~~~
      |                  operator""_mpf
3 warnings generated.
[ 34%] Building CXX object CMakeFiles/capd.dir/capdDynSys/src/mpcapd/geomset/DoubletonSet.cpp.o
3 warnings generated.
[ 35%] Building CXX object CMakeFiles/capd.dir/capdDynSys/src/mpcapd/geomset/MatrixDoubletonSet.cpp.o
In file included from /Users/sumit/opt/capd-src-2f06098/capdDynSys/src/mpcapd/geomset/DoubletonSet.cpp:15:
In file included from /Users/sumit/opt/capd-src-2f06098/capdAlg/include/capd/vectalg/mplib.h:21:
In file included from /Users/sumit/opt/capd-src-2f06098/capdAlg/include/capd/multiPrec/mplib.h:23:
In file included from /Users/sumit/opt/capd-src-2f06098/capdAlg/include/capd/multiPrec/MpInt.h:28:
/opt/homebrew/include/gmpxx.h:2163:29: warning: identifier '_mpz' preceded by whitespace in a literal operator declaration is deprecated [-Wdeprecated-literal-operator]
 2163 | inline mpz_class operator"" _mpz(const char* s)
      |                  ~~~~~~~~~~~^~~~
      |                  operator""_mpz
/opt/homebrew/include/gmpxx.h:2168:29: warning: identifier '_mpq' preceded by whitespace in a literal operator declaration is deprecated [-Wdeprecated-literal-operator]
 2168 | inline mpq_class operator"" _mpq(const char* s)
      |                  ~~~~~~~~~~~^~~~
      |                  operator""_mpq
/opt/homebrew/include/gmpxx.h:2175:29: warning: identifier '_mpf' preceded by whitespace in a literal operator declaration is deprecated [-Wdeprecated-literal-operator]
 2175 | inline mpf_class operator"" _mpf(const char* s)
      |                  ~~~~~~~~~~~^~~~
      |                  operator""_mpf
In file included from /Users/sumit/opt/capd-src-2f06098/capdDynSys/src/mpcapd/geomset/MatrixDoubletonSet.cpp:15:
In file included from /Users/sumit/opt/capd-src-2f06098/capdAlg/include/capd/vectalg/mplib.h:21:
In file included from /Users/sumit/opt/capd-src-2f06098/capdAlg/include/capd/multiPrec/mplib.h:23:
In file included from /Users/sumit/opt/capd-src-2f06098/capdAlg/include/capd/multiPrec/MpInt.h:28:
/opt/homebrew/include/gmpxx.h:2163:29: warning: identifier '_mpz' preceded by whitespace in a literal operator declaration is deprecated [-Wdeprecated-literal-operator]
 2163 | inline mpz_class operator"" _mpz(const char* s)
      |                  ~~~~~~~~~~~^~~~
      |                  operator""_mpz
/opt/homebrew/include/gmpxx.h:2168:29: warning: identifier '_mpq' preceded by whitespace in a literal operator declaration is deprecated [-Wdeprecated-literal-operator]
 2168 | inline mpq_class operator"" _mpq(const char* s)
      |                  ~~~~~~~~~~~^~~~
      |                  operator""_mpq
/opt/homebrew/include/gmpxx.h:2175:29: warning: identifier '_mpf' preceded by whitespace in a literal operator declaration is deprecated [-Wdeprecated-literal-operator]
 2175 | inline mpf_class operator"" _mpf(const char* s)
      |                  ~~~~~~~~~~~^~~~
      |                  operator""_mpf
3 warnings generated.
[ 35%] Building CXX object CMakeFiles/capd.dir/capdDynSys/src/mpcapd/map/Function.cpp.o
3 warnings generated.
[ 35%] Building CXX object CMakeFiles/capd.dir/capdDynSys/src/mpcapd/map/Map.cpp.o
In file included from /Users/sumit/opt/capd-src-2f06098/capdDynSys/src/mpcapd/map/Function.cpp:14:
In file included from /Users/sumit/opt/capd-src-2f06098/capdAlg/include/capd/vectalg/mplib.h:21:
In file included from /Users/sumit/opt/capd-src-2f06098/capdAlg/include/capd/multiPrec/mplib.h:23:
In file included from /Users/sumit/opt/capd-src-2f06098/capdAlg/include/capd/multiPrec/MpInt.h:28:
/opt/homebrew/include/gmpxx.h:2163:29: warning: identifier '_mpz' preceded by whitespace in a literal operator declaration is deprecated [-Wdeprecated-literal-operator]
 2163 | inline mpz_class operator"" _mpz(const char* s)
      |                  ~~~~~~~~~~~^~~~
      |                  operator""_mpz
/opt/homebrew/include/gmpxx.h:2168:29: warning: identifier '_mpq' preceded by whitespace in a literal operator declaration is deprecated [-Wdeprecated-literal-operator]
 2168 | inline mpq_class operator"" _mpq(const char* s)
      |                  ~~~~~~~~~~~^~~~
      |                  operator""_mpq
/opt/homebrew/include/gmpxx.h:2175:29: warning: identifier '_mpf' preceded by whitespace in a literal operator declaration is deprecated [-Wdeprecated-literal-operator]
 2175 | inline mpf_class operator"" _mpf(const char* s)
      |                  ~~~~~~~~~~~^~~~
      |                  operator""_mpf
In file included from /Users/sumit/opt/capd-src-2f06098/capdDynSys/src/mpcapd/map/Map.cpp:13:
In file included from /Users/sumit/opt/capd-src-2f06098/capdAlg/include/capd/vectalg/mplib.h:21:
In file included from /Users/sumit/opt/capd-src-2f06098/capdAlg/include/capd/multiPrec/mplib.h:23:
In file included from /Users/sumit/opt/capd-src-2f06098/capdAlg/include/capd/multiPrec/MpInt.h:28:
/opt/homebrew/include/gmpxx.h:2163:29: warning: identifier '_mpz' preceded by whitespace in a literal operator declaration is deprecated [-Wdeprecated-literal-operator]
 2163 | inline mpz_class operator"" _mpz(const char* s)
      |                  ~~~~~~~~~~~^~~~
      |                  operator""_mpz
/opt/homebrew/include/gmpxx.h:2168:29: warning: identifier '_mpq' preceded by whitespace in a literal operator declaration is deprecated [-Wdeprecated-literal-operator]
 2168 | inline mpq_class operator"" _mpq(const char* s)
      |                  ~~~~~~~~~~~^~~~
      |                  operator""_mpq
/opt/homebrew/include/gmpxx.h:2175:29: warning: identifier '_mpf' preceded by whitespace in a literal operator declaration is deprecated [-Wdeprecated-literal-operator]
 2175 | inline mpf_class operator"" _mpf(const char* s)
      |                  ~~~~~~~~~~~^~~~
      |                  operator""_mpf
3 warnings generated.
[ 35%] Building CXX object CMakeFiles/capd.dir/capdDynSys/src/mpcapd/poincare/TimeMap.cpp.o
3 warnings generated.
In file included from /Users/sumit/opt/capd-src-2f06098/capdDynSys/src/mpcapd/poincare/TimeMap.cpp:16:
In file included from /Users/sumit/opt/capd-src-2f06098/capdDynSys/include/capd/map/mplib.h:21:
In file included from /Users/sumit/opt/capd-src-2f06098/capdAlg/include/capd/vectalg/mplib.h:21:
In file included from /Users/sumit/opt/capd-src-2f06098/capdAlg/include/capd/multiPrec/mplib.h:23:
In file included from /Users/sumit/opt/capd-src-2f06098/capdAlg/include/capd/multiPrec/MpInt.h:28:
/opt/homebrew/include/gmpxx.h:2163:29: warning: identifier '_mpz' preceded by whitespace in a literal operator declaration is deprecated [-Wdeprecated-literal-operator]
 2163 | inline mpz_class operator"" _mpz(const char* s)
      |                  ~~~~~~~~~~~^~~~
      |                  operator""_mpz
/opt/homebrew/include/gmpxx.h:2168:29: warning: identifier '_mpq' preceded by whitespace in a literal operator declaration is deprecated [-Wdeprecated-literal-operator]
 2168 | inline mpq_class operator"" _mpq(const char* s)
      |                  ~~~~~~~~~~~^~~~
      |                  operator""_mpq
/opt/homebrew/include/gmpxx.h:2175:29: warning: identifier '_mpf' preceded by whitespace in a literal operator declaration is deprecated [-Wdeprecated-literal-operator]
 2175 | inline mpf_class operator"" _mpf(const char* s)
      |                  ~~~~~~~~~~~^~~~
      |                  operator""_mpf
[ 36%] Building CXX object CMakeFiles/capd.dir/capdDynSys/src/mpcapd/poincare/PoincareMap.cpp.o
In file included from /Users/sumit/opt/capd-src-2f06098/capdDynSys/src/mpcapd/poincare/PoincareMap.cpp:16:
In file included from /Users/sumit/opt/capd-src-2f06098/capdAlg/include/capd/intervals/mplib.h:18:
In file included from /Users/sumit/opt/capd-src-2f06098/capdAlg/include/capd/multiPrec/mplib.h:23:
In file included from /Users/sumit/opt/capd-src-2f06098/capdAlg/include/capd/multiPrec/MpInt.h:28:
/opt/homebrew/include/gmpxx.h:2163:29: warning: identifier '_mpz' preceded by whitespace in a literal operator declaration is deprecated [-Wdeprecated-literal-operator]
 2163 | inline mpz_class operator"" _mpz(const char* s)
      |                  ~~~~~~~~~~~^~~~
      |                  operator""_mpz
/opt/homebrew/include/gmpxx.h:2168:29: warning: identifier '_mpq' preceded by whitespace in a literal operator declaration is deprecated [-Wdeprecated-literal-operator]
 2168 | inline mpq_class operator"" _mpq(const char* s)
      |                  ~~~~~~~~~~~^~~~
      |                  operator""_mpq
/opt/homebrew/include/gmpxx.h:2175:29: warning: identifier '_mpf' preceded by whitespace in a literal operator declaration is deprecated [-Wdeprecated-literal-operator]
 2175 | inline mpf_class operator"" _mpf(const char* s)
      |                  ~~~~~~~~~~~^~~~
      |                  operator""_mpf
3 warnings generated.
[ 36%] Building CXX object CMakeFiles/capd.dir/capdDynSys/src/mpcapd/poincare/AbstractSection.cpp.o
In file included from /Users/sumit/opt/capd-src-2f06098/capdDynSys/src/mpcapd/poincare/AbstractSection.cpp:16:
In file included from /Users/sumit/opt/capd-src-2f06098/capdAlg/include/capd/vectalg/mplib.h:21:
In file included from /Users/sumit/opt/capd-src-2f06098/capdAlg/include/capd/multiPrec/mplib.h:23:
In file included from /Users/sumit/opt/capd-src-2f06098/capdAlg/include/capd/multiPrec/MpInt.h:28:
/opt/homebrew/include/gmpxx.h:2163:29: warning: identifier '_mpz' preceded by whitespace in a literal operator declaration is deprecated [-Wdeprecated-literal-operator]
 2163 | inline mpz_class operator"" _mpz(const char* s)
      |                  ~~~~~~~~~~~^~~~
      |                  operator""_mpz
/opt/homebrew/include/gmpxx.h:2168:29: warning: identifier '_mpq' preceded by whitespace in a literal operator declaration is deprecated [-Wdeprecated-literal-operator]
 2168 | inline mpq_class operator"" _mpq(const char* s)
      |                  ~~~~~~~~~~~^~~~
      |                  operator""_mpq
/opt/homebrew/include/gmpxx.h:2175:29: warning: identifier '_mpf' preceded by whitespace in a literal operator declaration is deprecated [-Wdeprecated-literal-operator]
 2175 | inline mpf_class operator"" _mpf(const char* s)
      |                  ~~~~~~~~~~~^~~~
      |                  operator""_mpf
In file included from /Users/sumit/opt/capd-src-2f06098/capdDynSys/src/mpcapd/poincare/AbstractSection.cpp:19:
/Users/sumit/opt/capd-src-2f06098/capdDynSys/include/capd/poincare/AffineSection.h:43:14: warning: 'operator()' overrides a member function but is not marked 'override' [-Winconsistent-missing-override]
   43 |   ScalarType operator()(const VectorType& v) const{
      |              ^
/Users/sumit/opt/capd-src-2f06098/capdDynSys/src/mpcapd/poincare/AbstractSection.cpp:28:26: note: in instantiation of template class 'capd::poincare::AffineSection<capd::vectalg::Matrix<capd::multiPrec::MpReal, 0, 0>>' requested here
   28 | template class poincare::AffineSection<MpMatrix>;
      |                          ^
/Users/sumit/opt/capd-src-2f06098/capdDynSys/include/capd/poincare/AbstractSection.h:69:22: note: overridden virtual function is here
   69 |   virtual ScalarType operator() (const VectorType& v) const = 0;     ///< evaluates function at a given vector
      |                      ^
In file included from /Users/sumit/opt/capd-src-2f06098/capdDynSys/src/mpcapd/poincare/AbstractSection.cpp:19:
/Users/sumit/opt/capd-src-2f06098/capdDynSys/include/capd/poincare/AffineSection.h:65:14: warning: 'gradient' overrides a member function but is not marked 'override' [-Winconsistent-missing-override]
   65 |   VectorType gradient(const VectorType&) const{
      |              ^
/Users/sumit/opt/capd-src-2f06098/capdDynSys/include/capd/poincare/AbstractSection.h:70:22: note: overridden virtual function is here
   70 |   virtual VectorType gradient(const VectorType& u) const = 0;        ///< returns gradient of the function computed at vector u
      |                      ^
In file included from /Users/sumit/opt/capd-src-2f06098/capdDynSys/src/mpcapd/poincare/AbstractSection.cpp:19:
/Users/sumit/opt/capd-src-2f06098/capdDynSys/include/capd/poincare/AffineSection.h:69:14: warning: 'evalAt' overrides a member function but is not marked 'override' [-Winconsistent-missing-override]
   69 |   ScalarType evalAt(const capd::dynset::AbstractSet<VectorType>& s) const{
      |              ^
/Users/sumit/opt/capd-src-2f06098/capdDynSys/include/capd/poincare/AbstractSection.h:85:22: note: overridden virtual function is here
   85 |   virtual ScalarType evalAt(const Set& set) const = 0;
      |                      ^
In file included from /Users/sumit/opt/capd-src-2f06098/capdDynSys/src/mpcapd/poincare/AbstractSection.cpp:19:
/Users/sumit/opt/capd-src-2f06098/capdDynSys/include/capd/poincare/AffineSection.h:43:14: warning: 'operator()' overrides a member function but is not marked 'override' [-Winconsistent-missing-override]
   43 |   ScalarType operator()(const VectorType& v) const{
      |              ^
/Users/sumit/opt/capd-src-2f06098/capdDynSys/src/mpcapd/poincare/AbstractSection.cpp:29:26: note: in instantiation of template class 'capd::poincare::AffineSection<capd::vectalg::Matrix<capd::intervals::Interval<capd::multiPrec::MpReal, capd::multiPrec::MpReal>, 0, 0>>' requested here
   29 | template class poincare::AffineSection<MpIMatrix>;
      |                          ^
/Users/sumit/opt/capd-src-2f06098/capdDynSys/include/capd/poincare/AbstractSection.h:69:22: note: overridden virtual function is here
   69 |   virtual ScalarType operator() (const VectorType& v) const = 0;     ///< evaluates function at a given vector
      |                      ^
In file included from /Users/sumit/opt/capd-src-2f06098/capdDynSys/src/mpcapd/poincare/AbstractSection.cpp:19:
/Users/sumit/opt/capd-src-2f06098/capdDynSys/include/capd/poincare/AffineSection.h:65:14: warning: 'gradient' overrides a member function but is not marked 'override' [-Winconsistent-missing-override]
   65 |   VectorType gradient(const VectorType&) const{
      |              ^
/Users/sumit/opt/capd-src-2f06098/capdDynSys/include/capd/poincare/AbstractSection.h:70:22: note: overridden virtual function is here
   70 |   virtual VectorType gradient(const VectorType& u) const = 0;        ///< returns gradient of the function computed at vector u
      |                      ^
In file included from /Users/sumit/opt/capd-src-2f06098/capdDynSys/src/mpcapd/poincare/AbstractSection.cpp:19:
/Users/sumit/opt/capd-src-2f06098/capdDynSys/include/capd/poincare/AffineSection.h:69:14: warning: 'evalAt' overrides a member function but is not marked 'override' [-Winconsistent-missing-override]
   69 |   ScalarType evalAt(const capd::dynset::AbstractSet<VectorType>& s) const{
      |              ^
/Users/sumit/opt/capd-src-2f06098/capdDynSys/include/capd/poincare/AbstractSection.h:85:22: note: overridden virtual function is here
   85 |   virtual ScalarType evalAt(const Set& set) const = 0;
      |                      ^
In file included from /Users/sumit/opt/capd-src-2f06098/capdDynSys/src/mpcapd/poincare/AbstractSection.cpp:20:
/Users/sumit/opt/capd-src-2f06098/capdDynSys/include/capd/poincare/CoordinateSection.h:51:14: warning: 'operator()' overrides a member function but is not marked 'override' [-Winconsistent-missing-override]
   51 |   ScalarType operator()(const VectorType& v) const{
      |              ^
/Users/sumit/opt/capd-src-2f06098/capdDynSys/src/mpcapd/poincare/AbstractSection.cpp:31:26: note: in instantiation of template class 'capd::poincare::CoordinateSection<capd::vectalg::Matrix<capd::multiPrec::MpReal, 0, 0>>' requested here
   31 | template class poincare::CoordinateSection<MpMatrix>;
      |                          ^
/Users/sumit/opt/capd-src-2f06098/capdDynSys/include/capd/poincare/AbstractSection.h:69:22: note: overridden virtual function is here
   69 |   virtual ScalarType operator() (const VectorType& v) const = 0;     ///< evaluates function at a given vector
      |                      ^
In file included from /Users/sumit/opt/capd-src-2f06098/capdDynSys/src/mpcapd/poincare/AbstractSection.cpp:20:
/Users/sumit/opt/capd-src-2f06098/capdDynSys/include/capd/poincare/CoordinateSection.h:71:14: warning: 'gradient' overrides a member function but is not marked 'override' [-Winconsistent-missing-override]
   71 |   VectorType gradient(const VectorType&) const{
      |              ^
/Users/sumit/opt/capd-src-2f06098/capdDynSys/include/capd/poincare/AbstractSection.h:70:22: note: overridden virtual function is here
   70 |   virtual VectorType gradient(const VectorType& u) const = 0;        ///< returns gradient of the function computed at vector u
      |                      ^
In file included from /Users/sumit/opt/capd-src-2f06098/capdDynSys/src/mpcapd/poincare/AbstractSection.cpp:20:
/Users/sumit/opt/capd-src-2f06098/capdDynSys/include/capd/poincare/CoordinateSection.h:74:14: warning: 'gradientByVector' overrides a member function but is not marked 'override' [-Winconsistent-missing-override]
   74 |   ScalarType gradientByVector(const VectorType& /*x*/, const VectorType& u) const {
      |              ^
/Users/sumit/opt/capd-src-2f06098/capdDynSys/include/capd/poincare/AbstractSection.h:71:22: note: overridden virtual function is here
   71 |   virtual ScalarType gradientByVector(const VectorType& x, const VectorType& u) const {
      |                      ^
In file included from /Users/sumit/opt/capd-src-2f06098/capdDynSys/src/mpcapd/poincare/AbstractSection.cpp:20:
/Users/sumit/opt/capd-src-2f06098/capdDynSys/include/capd/poincare/CoordinateSection.h:78:8: warning: 'isSpecialSection' overrides a member function but is not marked 'override' [-Winconsistent-missing-override]
   78 |   bool isSpecialSection() const {
      |        ^
/Users/sumit/opt/capd-src-2f06098/capdDynSys/include/capd/poincare/AbstractSection.h:80:16: note: overridden virtual function is here
   80 |   virtual bool isSpecialSection() const{
      |                ^
In file included from /Users/sumit/opt/capd-src-2f06098/capdDynSys/src/mpcapd/poincare/AbstractSection.cpp:20:
/Users/sumit/opt/capd-src-2f06098/capdDynSys/include/capd/poincare/CoordinateSection.h:82:14: warning: 'evalAt' overrides a member function but is not marked 'override' [-Winconsistent-missing-override]
   82 |   ScalarType evalAt(const capd::dynset::AbstractSet<VectorType>& s) const{
      |              ^
/Users/sumit/opt/capd-src-2f06098/capdDynSys/include/capd/poincare/AbstractSection.h:85:22: note: overridden virtual function is here
   85 |   virtual ScalarType evalAt(const Set& set) const = 0;
      |                      ^
In file included from /Users/sumit/opt/capd-src-2f06098/capdDynSys/src/mpcapd/poincare/AbstractSection.cpp:20:
/Users/sumit/opt/capd-src-2f06098/capdDynSys/include/capd/poincare/CoordinateSection.h:51:14: warning: 'operator()' overrides a member function but is not marked 'override' [-Winconsistent-missing-override]
   51 |   ScalarType operator()(const VectorType& v) const{
      |              ^
/Users/sumit/opt/capd-src-2f06098/capdDynSys/src/mpcapd/poincare/AbstractSection.cpp:32:26: note: in instantiation of template class 'capd::poincare::CoordinateSection<capd::vectalg::Matrix<capd::intervals::Interval<capd::multiPrec::MpReal, capd::multiPrec::MpReal>, 0, 0>>' requested here
   32 | template class poincare::CoordinateSection<MpIMatrix>;
      |                          ^
/Users/sumit/opt/capd-src-2f06098/capdDynSys/include/capd/poincare/AbstractSection.h:69:22: note: overridden virtual function is here
   69 |   virtual ScalarType operator() (const VectorType& v) const = 0;     ///< evaluates function at a given vector
      |                      ^
In file included from /Users/sumit/opt/capd-src-2f06098/capdDynSys/src/mpcapd/poincare/AbstractSection.cpp:20:
/Users/sumit/opt/capd-src-2f06098/capdDynSys/include/capd/poincare/CoordinateSection.h:71:14: warning: 'gradient' overrides a member function but is not marked 'override' [-Winconsistent-missing-override]
   71 |   VectorType gradient(const VectorType&) const{
      |              ^
/Users/sumit/opt/capd-src-2f06098/capdDynSys/include/capd/poincare/AbstractSection.h:70:22: note: overridden virtual function is here
   70 |   virtual VectorType gradient(const VectorType& u) const = 0;        ///< returns gradient of the function computed at vector u
      |                      ^
In file included from /Users/sumit/opt/capd-src-2f06098/capdDynSys/src/mpcapd/poincare/AbstractSection.cpp:20:
/Users/sumit/opt/capd-src-2f06098/capdDynSys/include/capd/poincare/CoordinateSection.h:74:14: warning: 'gradientByVector' overrides a member function but is not marked 'override' [-Winconsistent-missing-override]
   74 |   ScalarType gradientByVector(const VectorType& /*x*/, const VectorType& u) const {
      |              ^
/Users/sumit/opt/capd-src-2f06098/capdDynSys/include/capd/poincare/AbstractSection.h:71:22: note: overridden virtual function is here
   71 |   virtual ScalarType gradientByVector(const VectorType& x, const VectorType& u) const {
      |                      ^
In file included from /Users/sumit/opt/capd-src-2f06098/capdDynSys/src/mpcapd/poincare/AbstractSection.cpp:20:
/Users/sumit/opt/capd-src-2f06098/capdDynSys/include/capd/poincare/CoordinateSection.h:78:8: warning: 'isSpecialSection' overrides a member function but is not marked 'override' [-Winconsistent-missing-override]
   78 |   bool isSpecialSection() const {
      |        ^
/Users/sumit/opt/capd-src-2f06098/capdDynSys/include/capd/poincare/AbstractSection.h:80:16: note: overridden virtual function is here
   80 |   virtual bool isSpecialSection() const{
      |                ^
In file included from /Users/sumit/opt/capd-src-2f06098/capdDynSys/src/mpcapd/poincare/AbstractSection.cpp:20:
/Users/sumit/opt/capd-src-2f06098/capdDynSys/include/capd/poincare/CoordinateSection.h:82:14: warning: 'evalAt' overrides a member function but is not marked 'override' [-Winconsistent-missing-override]
   82 |   ScalarType evalAt(const capd::dynset::AbstractSet<VectorType>& s) const{
      |              ^
/Users/sumit/opt/capd-src-2f06098/capdDynSys/include/capd/poincare/AbstractSection.h:85:22: note: overridden virtual function is here
   85 |   virtual ScalarType evalAt(const Set& set) const = 0;
      |                      ^
In file included from /Users/sumit/opt/capd-src-2f06098/capdDynSys/src/mpcapd/poincare/AbstractSection.cpp:21:
/Users/sumit/opt/capd-src-2f06098/capdDynSys/include/capd/poincare/NonlinearSection.h:72:14: warning: 'operator()' overrides a member function but is not marked 'override' [-Winconsistent-missing-override]
   72 |   ScalarType operator()(const VectorType& v) const{
      |              ^
/Users/sumit/opt/capd-src-2f06098/capdDynSys/src/mpcapd/poincare/AbstractSection.cpp:34:26: note: in instantiation of template class 'capd::poincare::NonlinearSection<capd::vectalg::Matrix<capd::multiPrec::MpReal, 0, 0>>' requested here
   34 | template class poincare::NonlinearSection<MpMatrix>;
      |                          ^
/Users/sumit/opt/capd-src-2f06098/capdDynSys/include/capd/poincare/AbstractSection.h:69:22: note: overridden virtual function is here
   69 |   virtual ScalarType operator() (const VectorType& v) const = 0;     ///< evaluates function at a given vector
      |                      ^
In file included from /Users/sumit/opt/capd-src-2f06098/capdDynSys/src/mpcapd/poincare/AbstractSection.cpp:21:
/Users/sumit/opt/capd-src-2f06098/capdDynSys/include/capd/poincare/NonlinearSection.h:76:14: warning: 'gradient' overrides a member function but is not marked 'override' [-Winconsistent-missing-override]
   76 |   VectorType gradient(const VectorType& v) const{
      |              ^
/Users/sumit/opt/capd-src-2f06098/capdDynSys/include/capd/poincare/AbstractSection.h:70:22: note: overridden virtual function is here
   70 |   virtual VectorType gradient(const VectorType& u) const = 0;        ///< returns gradient of the function computed at vector u
      |                      ^
In file included from /Users/sumit/opt/capd-src-2f06098/capdDynSys/src/mpcapd/poincare/AbstractSection.cpp:21:
/Users/sumit/opt/capd-src-2f06098/capdDynSys/include/capd/poincare/NonlinearSection.h:80:14: warning: 'evalAt' overrides a member function but is not marked 'override' [-Winconsistent-missing-override]
   80 |   ScalarType evalAt(const capd::dynset::AbstractSet<VectorType>& s) const{
      |              ^
/Users/sumit/opt/capd-src-2f06098/capdDynSys/include/capd/poincare/AbstractSection.h:85:22: note: overridden virtual function is here
   85 |   virtual ScalarType evalAt(const Set& set) const = 0;
      |                      ^
In file included from /Users/sumit/opt/capd-src-2f06098/capdDynSys/src/mpcapd/poincare/AbstractSection.cpp:21:
/Users/sumit/opt/capd-src-2f06098/capdDynSys/include/capd/poincare/NonlinearSection.h:72:14: warning: 'operator()' overrides a member function but is not marked 'override' [-Winconsistent-missing-override]
   72 |   ScalarType operator()(const VectorType& v) const{
      |              ^
/Users/sumit/opt/capd-src-2f06098/capdDynSys/src/mpcapd/poincare/AbstractSection.cpp:35:26: note: in instantiation of template class 'capd::poincare::NonlinearSection<capd::vectalg::Matrix<capd::intervals::Interval<capd::multiPrec::MpReal, capd::multiPrec::MpReal>, 0, 0>>' requested here
   35 | template class poincare::NonlinearSection<MpIMatrix>;
      |                          ^
/Users/sumit/opt/capd-src-2f06098/capdDynSys/include/capd/poincare/AbstractSection.h:69:22: note: overridden virtual function is here
   69 |   virtual ScalarType operator() (const VectorType& v) const = 0;     ///< evaluates function at a given vector
      |                      ^
In file included from /Users/sumit/opt/capd-src-2f06098/capdDynSys/src/mpcapd/poincare/AbstractSection.cpp:21:
/Users/sumit/opt/capd-src-2f06098/capdDynSys/include/capd/poincare/NonlinearSection.h:76:14: warning: 'gradient' overrides a member function but is not marked 'override' [-Winconsistent-missing-override]
   76 |   VectorType gradient(const VectorType& v) const{
      |              ^
/Users/sumit/opt/capd-src-2f06098/capdDynSys/include/capd/poincare/AbstractSection.h:70:22: note: overridden virtual function is here
   70 |   virtual VectorType gradient(const VectorType& u) const = 0;        ///< returns gradient of the function computed at vector u
      |                      ^
In file included from /Users/sumit/opt/capd-src-2f06098/capdDynSys/src/mpcapd/poincare/AbstractSection.cpp:21:
/Users/sumit/opt/capd-src-2f06098/capdDynSys/include/capd/poincare/NonlinearSection.h:80:14: warning: 'evalAt' overrides a member function but is not marked 'override' [-Winconsistent-missing-override]
   80 |   ScalarType evalAt(const capd::dynset::AbstractSet<VectorType>& s) const{
      |              ^
/Users/sumit/opt/capd-src-2f06098/capdDynSys/include/capd/poincare/AbstractSection.h:85:22: note: overridden virtual function is here
   85 |   virtual ScalarType evalAt(const Set& set) const = 0;
      |                      ^
25 warnings generated.
3 warnings generated.
[ 36%] Linking CXX static library libcapd.a
[ 36%] Built target capd
[ 37%] Building CXX object capdAux/tests/auxilTests/CMakeFiles/CRefTest.dir/CRefTest.cpp.o
[ 37%] Building CXX object capdAux/tests/auxilTests/CMakeFiles/functorTest.dir/functorTest.cpp.o
[ 37%] Linking CXX executable functorTest
ld: warning: ignoring duplicate libraries: '-lc++'
[ 37%] Linking CXX executable CRefTest
ld: warning: ignoring duplicate libraries: '-lc++'
[ 37%] Built target functorTest
[ 38%] Building CXX object capdAux/tests/auxilTests/CMakeFiles/skipCommentsIstreamTest.dir/skipCommentsIstreamTest.cpp.o
[ 38%] Built target CRefTest
[ 38%] Building CXX object capdAux/examples/auxildemo/CMakeFiles/argdemo.dir/argdemo.cpp.o
[ 38%] Linking CXX executable skipCommentsIstreamTest
ld: warning: ignoring duplicate libraries: '-lc++'
[ 38%] Built target skipCommentsIstreamTest
[ 38%] Building CXX object capdAlg/tests/basicalg/CMakeFiles/TexWriterTest.dir/TexWriterTest.cpp.o
[ 39%] Linking CXX executable argdemo
[ 39%] Built target argdemo
[ 39%] Building CXX object capdAlg/tests/complex/CMakeFiles/IComplexTests.dir/IComplexTests.cpp.o
[ 40%] Linking CXX executable TexWriterTest
[ 40%] Linking CXX executable IComplexTests
ld: warning: ignoring duplicate libraries: '-lc++'
ld: warning: ignoring duplicate libraries: '-lc++'
[ 40%] Built target TexWriterTest
[ 40%] Built target IComplexTests
[ 40%] Building CXX object capdAlg/tests/complex/CMakeFiles/DComplexTests.dir/DComplexTests.cpp.o
[ 41%] Building CXX object capdAlg/tests/intervalTest/CMakeFiles/intervalTest.dir/intervalTest.cpp.o
[ 42%] Linking CXX executable DComplexTests
ld: warning: ignoring duplicate libraries: '-lc++'
[ 42%] Built target DComplexTests
[ 42%] Building CXX object capdAlg/tests/intvtst/CMakeFiles/intvtst.dir/intvtst.cpp.o
[ 42%] Linking CXX executable intervalTest
ld: warning: ignoring duplicate libraries: '-lc++'
[ 42%] Built target intervalTest
[ 42%] Building CXX object capdAlg/tests/intvtst/CMakeFiles/divtst.dir/divtst.cpp.o
[ 43%] Linking CXX executable intvtst
ld: warning: ignoring duplicate libraries: '-lc++'
[ 43%] Built target intvtst
[ 43%] Building CXX object capdAlg/tests/matrixAlgorithms/CMakeFiles/floatMatrixAlgorithmsTest.dir/floatMatrixAlgorithmsTest.cpp.o
[ 43%] Linking CXX executable divtst
ld: warning: ignoring duplicate libraries: '-lc++'
[ 43%] Built target divtst
[ 43%] Building CXX object capdAlg/tests/vecttst/CMakeFiles/matrixMDTest.dir/matrixMDTest.cpp.o
[ 44%] Linking CXX executable matrixMDTest
ld: warning: ignoring duplicate libraries: '-lc++'
[ 44%] Built target matrixMDTest
[ 44%] Building CXX object capdAlg/tests/vecttst/CMakeFiles/vectMDTest.dir/vectMDTest.cpp.o
[ 45%] Linking CXX executable floatMatrixAlgorithmsTest
ld: warning: ignoring duplicate libraries: '-lc++'
[ 45%] Built target floatMatrixAlgorithmsTest
[ 45%] Building CXX object capdAlg/tests/vecttst/CMakeFiles/vecttst.dir/vecttst.cpp.o
[ 46%] Linking CXX executable vectMDTest
ld: warning: ignoring duplicate libraries: '-lc++'
[ 46%] Built target vectMDTest
[ 46%] Building CXX object capdAlg/tests/vecttst/CMakeFiles/vectalgTest.dir/vectalgTestMain.cpp.o
[ 47%] Linking CXX executable vecttst
ld: warning: ignoring duplicate libraries: '-lc++'
[ 47%] Building CXX object capdAlg/tests/vecttst/CMakeFiles/vectalgTest.dir/StaticArrayInitTest.cpp.o
[ 47%] Built target vecttst
[ 48%] Building CXX object capdAlg/tests/vecttst/CMakeFiles/C11vectalgTest.dir/C11vectalgTestMain.cpp.o
[ 48%] Building CXX object capdAlg/tests/vecttst/CMakeFiles/C11vectalgTest.dir/C11vectalgInitTest.cpp.o
[ 48%] Linking CXX executable vectalgTest
ld: warning: ignoring duplicate libraries: '-lc++'
[ 48%] Built target vectalgTest
[ 48%] Building CXX object capdAlg/tests/mptests/CMakeFiles/mpsintest.dir/mpsintest.cpp.o
[ 48%] Linking CXX executable C11vectalgTest
ld: warning: ignoring duplicate libraries: '-lc++'
[ 49%] Linking CXX executable mpsintest
[ 49%] Built target C11vectalgTest
ld: warning: ignoring duplicate libraries: '-lc++'
[ 49%] Building CXX object capdAlg/tests/mptests/CMakeFiles/MpIntervalTest.dir/MpIntervalTest.cpp.o
[ 49%] Built target mpsintest
[ 49%] Building CXX object capdAlg/examples/alglibdemo/CMakeFiles/alglibdemo.dir/alglibdemo.cpp.o
[ 50%] Linking CXX executable MpIntervalTest
ld: warning: ignoring duplicate libraries: '-lc++'
[ 50%] Built target MpIntervalTest
[ 50%] Building CXX object capdAlg/examples/intervals/CMakeFiles/intervalExample.dir/intervalExample.cpp.o
[ 50%] Linking CXX executable alglibdemo
[ 50%] Built target alglibdemo
[ 50%] Building CXX object capdAlg/examples/matrixAlgorithms/CMakeFiles/floatMatrixAlgExample.dir/floatMatrixAlgExample.cpp.o
In file included from /Users/sumit/opt/capd-src-2f06098/capdAlg/examples/intervals/intervalExample.cpp:9:
In file included from /Users/sumit/opt/capd-src-2f06098/capdAlg/include/capd/intervals/Interval.hpp:33:
/Users/sumit/opt/capd-src-2f06098/capdAlg/include/capd/intervals/Interval_Fun.hpp:440:15: warning: implicit conversion from 'type' (aka 'long') to 'double' changes value from 9223372036854775807 to 9223372036854775808 [-Wimplicit-const-int-float-conversion]
  440 |     if(temp > std::numeric_limits<long>::max())
      |             ~ ^~~~~~~~~~~~~~~~~~~~~~~~~~~~~~~~
/Users/sumit/opt/capd-src-2f06098/capdAlg/examples/intervals/intervalExample.cpp:134:26: note: in instantiation of function template specialization 'capd::intervals::sin<double, capd::rounding::DoubleRounding>' requested here
  134 |      << "\n sin x = " << sin(x)
      |                          ^
1 warning generated.
[ 50%] Linking CXX executable intervalExample
[ 50%] Built target intervalExample
[ 50%] Building CXX object capdAlg/examples/TexWriter/CMakeFiles/TexWriterExample.dir/TexWriterExample.cpp.o
[ 50%] Linking CXX executable floatMatrixAlgExample
[ 50%] Built target floatMatrixAlgExample
[ 51%] Building CXX object capdAlg/examples/TexWriter/CMakeFiles/TexWriterExample2.dir/TexWriterExample2.cpp.o
[ 51%] Linking CXX executable TexWriterExample
[ 51%] Built target TexWriterExample
[ 51%] Building CXX object capdAlg/examples/vectalg/CMakeFiles/normExample.dir/normExample.cpp.o
[ 51%] Linking CXX executable TexWriterExample2
[ 51%] Built target TexWriterExample2
[ 51%] Building CXX object capdAlg/examples/vectalg/CMakeFiles/matrixExample.dir/matrixExample.cpp.o
[ 51%] Linking CXX executable normExample
[ 51%] Built target normExample
[ 52%] Building CXX object capdAlg/examples/vectalg/CMakeFiles/vectorExample.dir/vectorExample.cpp.o
[ 52%] Linking CXX executable matrixExample
[ 52%] Built target matrixExample
[ 53%] Building CXX object capdDynSys/tests/nonAutTest/CMakeFiles/nonAutTest.dir/nonAutTest.cpp.o
[ 53%] Linking CXX executable vectorExample
[ 53%] Built target vectorExample
[ 53%] Building CXX object capdDynSys/tests/BasicCnTaylorTest/CMakeFiles/BasicCnTaylorTest.dir/BasicCnTaylorTest.cpp.o
[ 54%] Linking CXX executable BasicCnTaylorTest
ld: warning: ignoring duplicate libraries: '-lc++'
[ 54%] Linking CXX executable nonAutTest
[ 54%] Built target BasicCnTaylorTest
ld: warning: ignoring duplicate libraries: '-lc++'
[ 55%] Building CXX object capdDynSys/tests/diffIncl/CMakeFiles/diffInclTest.dir/diffInclTest.cpp.o
[ 55%] Built target nonAutTest
[ 56%] Building CXX object capdDynSys/tests/BasicCurveMaskTest/CMakeFiles/C2CurveMaskTest.dir/C2CurveMaskTest.cpp.o
[ 56%] Linking CXX executable C2CurveMaskTest
ld: warning: ignoring duplicate libraries: '-lc++'
[ 56%] Built target C2CurveMaskTest
[ 56%] Building CXX object capdDynSys/tests/BasicCurveMaskTest/CMakeFiles/C1CurveMaskTest.dir/C1CurveMaskTest.cpp.o
[ 56%] Linking CXX executable diffInclTest
ld: warning: ignoring duplicate libraries: '-lc++'
[ 56%] Built target diffInclTest
[ 56%] Building CXX object capdDynSys/tests/BasicCurveMaskTest/CMakeFiles/CnCurveMaskTest.dir/CnCurveMaskTest.cpp.o
[ 57%] Linking CXX executable C1CurveMaskTest
ld: warning: ignoring duplicate libraries: '-lc++'
[ 57%] Built target C1CurveMaskTest
[ 57%] Building CXX object capdDynSys/tests/BasicSolverMaskTest/CMakeFiles/C1MaskTest.dir/C1MaskTest.cpp.o
[ 57%] Linking CXX executable CnCurveMaskTest
ld: warning: ignoring duplicate libraries: '-lc++'
[ 57%] Built target CnCurveMaskTest
[ 57%] Building CXX object capdDynSys/tests/BasicSolverMaskTest/CMakeFiles/CnMaskTest.dir/CnMaskTest.cpp.o
[ 57%] Linking CXX executable C1MaskTest
ld: warning: ignoring duplicate libraries: '-lc++'
[ 57%] Built target C1MaskTest
[ 57%] Building CXX object capdDynSys/tests/BasicSolverMaskTest/CMakeFiles/C2MaskTest.dir/C2MaskTest.cpp.o
[ 58%] Linking CXX executable CnMaskTest
ld: warning: ignoring duplicate libraries: '-lc++'
[ 58%] Built target CnMaskTest
[ 58%] Building CXX object capdDynSys/tests/map/CMakeFiles/mapTest.dir/mapTest.cpp.o
[ 58%] Linking CXX executable C2MaskTest
ld: warning: ignoring duplicate libraries: '-lc++'
[ 58%] Building CXX object capdDynSys/tests/map/CMakeFiles/mapTest.dir/acosTest.cpp.o
[ 58%] Built target C2MaskTest
[ 59%] Building CXX object capdDynSys/tests/dynset/CMakeFiles/Rect2SetTest.dir/Rect2SetTest.cpp.o
[ 60%] Building CXX object capdDynSys/tests/map/CMakeFiles/mapTest.dir/asinTest.cpp.o
[ 60%] Linking CXX executable Rect2SetTest
ld: warning: ignoring duplicate libraries: '-lc++'
[ 60%] Built target Rect2SetTest
[ 60%] Building CXX object capdDynSys/tests/map/CMakeFiles/mapTest.dir/atanTest.cpp.o
[ 60%] Building CXX object capdDynSys/tests/map/CMakeFiles/mapTest.dir/cosTest.cpp.o
[ 61%] Building CXX object capdDynSys/tests/map/CMakeFiles/mapTest.dir/expTest.cpp.o
[ 61%] Building CXX object capdDynSys/tests/map/CMakeFiles/mapTest.dir/logTest.cpp.o
[ 61%] Building CXX object capdDynSys/tests/dynset/CMakeFiles/CoordReorganization.dir/CoordReorganization.cpp.o
[ 61%] Building CXX object capdDynSys/tests/map/CMakeFiles/mapTest.dir/sinTest.cpp.o
[ 61%] Building CXX object capdDynSys/tests/map/CMakeFiles/mapTest.dir/sqrTest.cpp.o
[ 61%] Linking CXX executable CoordReorganization
ld: warning: ignoring duplicate libraries: '-lc++'
[ 61%] Built target CoordReorganization
[ 62%] Building CXX object capdDynSys/tests/map/CMakeFiles/mapTest.dir/cubeTest.cpp.o
[ 62%] Building CXX object capdDynSys/tests/map/CMakeFiles/mapTest.dir/quarticTest.cpp.o
[ 62%] Building CXX object capdDynSys/tests/map/CMakeFiles/mapTest.dir/natPowTest.cpp.o
[ 62%] Building CXX object capdDynSys/tests/dynset/CMakeFiles/Pped2SetTest.dir/Pped2SetTest.cpp.o
[ 63%] Linking CXX executable mapTest
ld: warning: ignoring duplicate libraries: '-lc++'
[ 63%] Built target mapTest
[ 63%] Building CXX object capdDynSys/tests/dynset/CMakeFiles/C0Pped2SetTest.dir/C0Pped2SetTest.cpp.o
[ 63%] Linking CXX executable Pped2SetTest
ld: warning: ignoring duplicate libraries: '-lc++'
[ 63%] Built target Pped2SetTest
[ 63%] Building CXX object capdDynSys/tests/dynset/CMakeFiles/CenteredAffineSetTest.dir/CenteredAffineSetTest.cpp.o
[ 63%] Linking CXX executable C0Pped2SetTest
ld: warning: ignoring duplicate libraries: '-lc++'
[ 63%] Built target C0Pped2SetTest
[ 63%] Building CXX object capdDynSys/tests/dynset/CMakeFiles/DoubletonSetTest.dir/DoubletonSetTest.cpp.o
[ 64%] Linking CXX executable CenteredAffineSetTest
ld: warning: ignoring duplicate libraries: '-lc++'
[ 64%] Built target CenteredAffineSetTest
[ 64%] Building CXX object capdDynSys/tests/dynset/CMakeFiles/AffineSetTest.dir/AffineSetTest.cpp.o
[ 64%] Linking CXX executable DoubletonSetTest
ld: warning: ignoring duplicate libraries: '-lc++'
[ 64%] Built target DoubletonSetTest
[ 64%] Building CXX object capdDynSys/tests/dynset/CMakeFiles/C0RectSetTest.dir/C0RectSetTest.cpp.o
[ 64%] Linking CXX executable AffineSetTest
ld: warning: ignoring duplicate libraries: '-lc++'
[ 64%] Built target AffineSetTest
[ 64%] Building CXX object capdDynSys/tests/dynset/CMakeFiles/C0PpedSetTest.dir/C0PpedSetTest.cpp.o
[ 64%] Linking CXX executable C0RectSetTest
ld: warning: ignoring duplicate libraries: '-lc++'
[ 64%] Built target C0RectSetTest
[ 64%] Building CXX object capdDynSys/tests/dynset/CMakeFiles/FactorReorganization.dir/FactorReorganization.cpp.o
[ 65%] Linking CXX executable C0PpedSetTest
ld: warning: ignoring duplicate libraries: '-lc++'
[ 65%] Built target C0PpedSetTest
[ 65%] Building CXX object capdDynSys/tests/SolverGetStepTest/CMakeFiles/SolverGetStepTest.dir/DFixStep.cpp.o
[ 66%] Linking CXX executable FactorReorganization
ld: warning: ignoring duplicate libraries: '-lc++'
[ 66%] Built target FactorReorganization
[ 67%] Building CXX object capdDynSys/tests/SolverGetStepTest/CMakeFiles/SolverGetStepTest.dir/DVarStep.cpp.o
[ 67%] Building CXX object capdDynSys/tests/SolverGetStepTest/CMakeFiles/SolverGetStepTest.dir/IFixStep.cpp.o
[ 67%] Building CXX object capdDynSys/tests/SolverGetStepTest/CMakeFiles/SolverGetStepTest.dir/IVarStep.cpp.o
[ 68%] Building CXX object capdDynSys/tests/SolverGetStepTest/CMakeFiles/SolverGetStepTest.dir/SolverGetStepTest.cpp.o
[ 69%] Building CXX object capdDynSys/tests/ReversibleSolverTest/CMakeFiles/ReversibleSolverTest.dir/ReversibleSolverTest.cpp.o
[ 69%] Linking CXX executable SolverGetStepTest
ld: warning: ignoring duplicate libraries: '-lc++'
[ 69%] Built target SolverGetStepTest
[ 69%] Building CXX object capdDynSys/tests/ReversiblePoincareMapTest/CMakeFiles/ReversiblePoincareMapTest.dir/ReversiblePoincareMapTest.cpp.o
In file included from /Users/sumit/opt/capd-src-2f06098/capdDynSys/tests/ReversiblePoincareMapTest/ReversiblePoincareMapTest.cpp:22:
In file included from /Users/sumit/opt/capd-src-2f06098/capdDynSys/include/capd/capdlib.h:30:
In file included from /Users/sumit/opt/capd-src-2f06098/capdDynSys/include/capd/poincare/lib.h:28:
/Users/sumit/opt/capd-src-2f06098/capdDynSys/include/capd/poincare/NonlinearSection.h:72:14: warning: 'operator()' overrides a member function but is not marked 'override' [-Winconsistent-missing-override]
   72 |   ScalarType operator()(const VectorType& v) const{
      |              ^
/Users/sumit/opt/capd-src-2f06098/capdDynSys/tests/ReversiblePoincareMapTest/ReversiblePoincareMapTest.cpp:58:21: note: in instantiation of template class 'capd::poincare::NonlinearSection<capd::vectalg::Matrix<capd::intervals::Interval<double, capd::rounding::DoubleRounding>, 0, 0>>' requested here
   58 |   INonlinearSection section("var:x,y,z;fun:x;");
      |                     ^
/Users/sumit/opt/capd-src-2f06098/capdDynSys/include/capd/poincare/AbstractSection.h:69:22: note: overridden virtual function is here
   69 |   virtual ScalarType operator() (const VectorType& v) const = 0;     ///< evaluates function at a given vector
      |                      ^
In file included from /Users/sumit/opt/capd-src-2f06098/capdDynSys/tests/ReversiblePoincareMapTest/ReversiblePoincareMapTest.cpp:22:
In file included from /Users/sumit/opt/capd-src-2f06098/capdDynSys/include/capd/capdlib.h:30:
In file included from /Users/sumit/opt/capd-src-2f06098/capdDynSys/include/capd/poincare/lib.h:28:
/Users/sumit/opt/capd-src-2f06098/capdDynSys/include/capd/poincare/NonlinearSection.h:76:14: warning: 'gradient' overrides a member function but is not marked 'override' [-Winconsistent-missing-override]
   76 |   VectorType gradient(const VectorType& v) const{
      |              ^
/Users/sumit/opt/capd-src-2f06098/capdDynSys/include/capd/poincare/AbstractSection.h:70:22: note: overridden virtual function is here
   70 |   virtual VectorType gradient(const VectorType& u) const = 0;        ///< returns gradient of the function computed at vector u
      |                      ^
In file included from /Users/sumit/opt/capd-src-2f06098/capdDynSys/tests/ReversiblePoincareMapTest/ReversiblePoincareMapTest.cpp:22:
In file included from /Users/sumit/opt/capd-src-2f06098/capdDynSys/include/capd/capdlib.h:30:
In file included from /Users/sumit/opt/capd-src-2f06098/capdDynSys/include/capd/poincare/lib.h:28:
/Users/sumit/opt/capd-src-2f06098/capdDynSys/include/capd/poincare/NonlinearSection.h:80:14: warning: 'evalAt' overrides a member function but is not marked 'override' [-Winconsistent-missing-override]
   80 |   ScalarType evalAt(const capd::dynset::AbstractSet<VectorType>& s) const{
      |              ^
/Users/sumit/opt/capd-src-2f06098/capdDynSys/include/capd/poincare/AbstractSection.h:85:22: note: overridden virtual function is here
   85 |   virtual ScalarType evalAt(const Set& set) const = 0;
      |                      ^
In file included from /Users/sumit/opt/capd-src-2f06098/capdDynSys/tests/ReversiblePoincareMapTest/ReversiblePoincareMapTest.cpp:22:
In file included from /Users/sumit/opt/capd-src-2f06098/capdDynSys/include/capd/capdlib.h:30:
In file included from /Users/sumit/opt/capd-src-2f06098/capdDynSys/include/capd/poincare/lib.h:27:
/Users/sumit/opt/capd-src-2f06098/capdDynSys/include/capd/poincare/CoordinateSection.h:51:14: warning: 'operator()' overrides a member function but is not marked 'override' [-Winconsistent-missing-override]
   51 |   ScalarType operator()(const VectorType& v) const{
      |              ^
/Users/sumit/opt/capd-src-2f06098/capdDynSys/tests/ReversiblePoincareMapTest/ReversiblePoincareMapTest.cpp:162:22: note: in instantiation of template class 'capd::poincare::CoordinateSection<capd::vectalg::Matrix<capd::intervals::Interval<double, capd::rounding::DoubleRounding>, 0, 0>>' requested here
  162 |   ICoordinateSection section(3,0);
      |                      ^
/Users/sumit/opt/capd-src-2f06098/capdDynSys/include/capd/poincare/AbstractSection.h:69:22: note: overridden virtual function is here
   69 |   virtual ScalarType operator() (const VectorType& v) const = 0;     ///< evaluates function at a given vector
      |                      ^
In file included from /Users/sumit/opt/capd-src-2f06098/capdDynSys/tests/ReversiblePoincareMapTest/ReversiblePoincareMapTest.cpp:22:
In file included from /Users/sumit/opt/capd-src-2f06098/capdDynSys/include/capd/capdlib.h:30:
In file included from /Users/sumit/opt/capd-src-2f06098/capdDynSys/include/capd/poincare/lib.h:27:
/Users/sumit/opt/capd-src-2f06098/capdDynSys/include/capd/poincare/CoordinateSection.h:71:14: warning: 'gradient' overrides a member function but is not marked 'override' [-Winconsistent-missing-override]
   71 |   VectorType gradient(const VectorType&) const{
      |              ^
/Users/sumit/opt/capd-src-2f06098/capdDynSys/include/capd/poincare/AbstractSection.h:70:22: note: overridden virtual function is here
   70 |   virtual VectorType gradient(const VectorType& u) const = 0;        ///< returns gradient of the function computed at vector u
      |                      ^
In file included from /Users/sumit/opt/capd-src-2f06098/capdDynSys/tests/ReversiblePoincareMapTest/ReversiblePoincareMapTest.cpp:22:
In file included from /Users/sumit/opt/capd-src-2f06098/capdDynSys/include/capd/capdlib.h:30:
In file included from /Users/sumit/opt/capd-src-2f06098/capdDynSys/include/capd/poincare/lib.h:27:
/Users/sumit/opt/capd-src-2f06098/capdDynSys/include/capd/poincare/CoordinateSection.h:74:14: warning: 'gradientByVector' overrides a member function but is not marked 'override' [-Winconsistent-missing-override]
   74 |   ScalarType gradientByVector(const VectorType& /*x*/, const VectorType& u) const {
      |              ^
/Users/sumit/opt/capd-src-2f06098/capdDynSys/include/capd/poincare/AbstractSection.h:71:22: note: overridden virtual function is here
   71 |   virtual ScalarType gradientByVector(const VectorType& x, const VectorType& u) const {
      |                      ^
In file included from /Users/sumit/opt/capd-src-2f06098/capdDynSys/tests/ReversiblePoincareMapTest/ReversiblePoincareMapTest.cpp:22:
In file included from /Users/sumit/opt/capd-src-2f06098/capdDynSys/include/capd/capdlib.h:30:
In file included from /Users/sumit/opt/capd-src-2f06098/capdDynSys/include/capd/poincare/lib.h:27:
/Users/sumit/opt/capd-src-2f06098/capdDynSys/include/capd/poincare/CoordinateSection.h:78:8: warning: 'isSpecialSection' overrides a member function but is not marked 'override' [-Winconsistent-missing-override]
   78 |   bool isSpecialSection() const {
      |        ^
/Users/sumit/opt/capd-src-2f06098/capdDynSys/include/capd/poincare/AbstractSection.h:80:16: note: overridden virtual function is here
   80 |   virtual bool isSpecialSection() const{
      |                ^
In file included from /Users/sumit/opt/capd-src-2f06098/capdDynSys/tests/ReversiblePoincareMapTest/ReversiblePoincareMapTest.cpp:22:
In file included from /Users/sumit/opt/capd-src-2f06098/capdDynSys/include/capd/capdlib.h:30:
In file included from /Users/sumit/opt/capd-src-2f06098/capdDynSys/include/capd/poincare/lib.h:27:
/Users/sumit/opt/capd-src-2f06098/capdDynSys/include/capd/poincare/CoordinateSection.h:82:14: warning: 'evalAt' overrides a member function but is not marked 'override' [-Winconsistent-missing-override]
   82 |   ScalarType evalAt(const capd::dynset::AbstractSet<VectorType>& s) const{
      |              ^
/Users/sumit/opt/capd-src-2f06098/capdDynSys/include/capd/poincare/AbstractSection.h:85:22: note: overridden virtual function is here
   85 |   virtual ScalarType evalAt(const Set& set) const = 0;
      |                      ^
[ 69%] Building CXX object capdDynSys/tests/ReversibleSolverTest/CMakeFiles/ReversibleSolverTest.dir/FadBadReversibleSolverTest.cpp.o
[ 69%] Building CXX object capdDynSys/tests/ReversibleSolverTest/CMakeFiles/ReversibleSolverTest.dir/ReversibleODETest.cpp.o
[ 70%] Linking CXX executable ReversibleSolverTest
ld: warning: ignoring duplicate libraries: '-lc++'
[ 70%] Built target ReversibleSolverTest
[ 70%] Building CXX object capdDynSys/tests/CnSolverTest/CMakeFiles/CnSolverTest.dir/HighOrderTest.cpp.o
In file included from /Users/sumit/opt/capd-src-2f06098/capdDynSys/tests/CnSolverTest/HighOrderTest.cpp:2:
In file included from /Users/sumit/opt/capd-src-2f06098/capdDynSys/include/capd/capdlib.h:30:
In file included from /Users/sumit/opt/capd-src-2f06098/capdDynSys/include/capd/poincare/lib.h:27:
/Users/sumit/opt/capd-src-2f06098/capdDynSys/include/capd/poincare/CoordinateSection.h:51:14: warning: 'operator()' overrides a member function but is not marked 'override' [-Winconsistent-missing-override]
   51 |   ScalarType operator()(const VectorType& v) const{
      |              ^
/Users/sumit/opt/capd-src-2f06098/capdDynSys/tests/CnSolverTest/HighOrderTest.cpp:55:22: note: in instantiation of template class 'capd::poincare::CoordinateSection<capd::vectalg::Matrix<capd::intervals::Interval<double, capd::rounding::DoubleRounding>, 0, 0>>' requested here
   55 |   ICoordinateSection section(4,1);
      |                      ^
/Users/sumit/opt/capd-src-2f06098/capdDynSys/include/capd/poincare/AbstractSection.h:69:22: note: overridden virtual function is here
   69 |   virtual ScalarType operator() (const VectorType& v) const = 0;     ///< evaluates function at a given vector
      |                      ^
In file included from /Users/sumit/opt/capd-src-2f06098/capdDynSys/tests/CnSolverTest/HighOrderTest.cpp:2:
In file included from /Users/sumit/opt/capd-src-2f06098/capdDynSys/include/capd/capdlib.h:30:
In file included from /Users/sumit/opt/capd-src-2f06098/capdDynSys/include/capd/poincare/lib.h:27:
/Users/sumit/opt/capd-src-2f06098/capdDynSys/include/capd/poincare/CoordinateSection.h:71:14: warning: 'gradient' overrides a member function but is not marked 'override' [-Winconsistent-missing-override]
   71 |   VectorType gradient(const VectorType&) const{
      |              ^
/Users/sumit/opt/capd-src-2f06098/capdDynSys/include/capd/poincare/AbstractSection.h:70:22: note: overridden virtual function is here
   70 |   virtual VectorType gradient(const VectorType& u) const = 0;        ///< returns gradient of the function computed at vector u
      |                      ^
In file included from /Users/sumit/opt/capd-src-2f06098/capdDynSys/tests/CnSolverTest/HighOrderTest.cpp:2:
In file included from /Users/sumit/opt/capd-src-2f06098/capdDynSys/include/capd/capdlib.h:30:
In file included from /Users/sumit/opt/capd-src-2f06098/capdDynSys/include/capd/poincare/lib.h:27:
/Users/sumit/opt/capd-src-2f06098/capdDynSys/include/capd/poincare/CoordinateSection.h:74:14: warning: 'gradientByVector' overrides a member function but is not marked 'override' [-Winconsistent-missing-override]
   74 |   ScalarType gradientByVector(const VectorType& /*x*/, const VectorType& u) const {
      |              ^
/Users/sumit/opt/capd-src-2f06098/capdDynSys/include/capd/poincare/AbstractSection.h:71:22: note: overridden virtual function is here
   71 |   virtual ScalarType gradientByVector(const VectorType& x, const VectorType& u) const {
      |                      ^
In file included from /Users/sumit/opt/capd-src-2f06098/capdDynSys/tests/CnSolverTest/HighOrderTest.cpp:2:
In file included from /Users/sumit/opt/capd-src-2f06098/capdDynSys/include/capd/capdlib.h:30:
In file included from /Users/sumit/opt/capd-src-2f06098/capdDynSys/include/capd/poincare/lib.h:27:
/Users/sumit/opt/capd-src-2f06098/capdDynSys/include/capd/poincare/CoordinateSection.h:78:8: warning: 'isSpecialSection' overrides a member function but is not marked 'override' [-Winconsistent-missing-override]
   78 |   bool isSpecialSection() const {
      |        ^
/Users/sumit/opt/capd-src-2f06098/capdDynSys/include/capd/poincare/AbstractSection.h:80:16: note: overridden virtual function is here
   80 |   virtual bool isSpecialSection() const{
      |                ^
In file included from /Users/sumit/opt/capd-src-2f06098/capdDynSys/tests/CnSolverTest/HighOrderTest.cpp:2:
In file included from /Users/sumit/opt/capd-src-2f06098/capdDynSys/include/capd/capdlib.h:30:
In file included from /Users/sumit/opt/capd-src-2f06098/capdDynSys/include/capd/poincare/lib.h:27:
/Users/sumit/opt/capd-src-2f06098/capdDynSys/include/capd/poincare/CoordinateSection.h:82:14: warning: 'evalAt' overrides a member function but is not marked 'override' [-Winconsistent-missing-override]
   82 |   ScalarType evalAt(const capd::dynset::AbstractSet<VectorType>& s) const{
      |              ^
/Users/sumit/opt/capd-src-2f06098/capdDynSys/include/capd/poincare/AbstractSection.h:85:22: note: overridden virtual function is here
   85 |   virtual ScalarType evalAt(const Set& set) const = 0;
      |                      ^
8 warnings generated.
[ 70%] Linking CXX executable ReversiblePoincareMapTest
ld: warning: ignoring duplicate libraries: '-lc++'
[ 70%] Built target ReversiblePoincareMapTest
[ 70%] Building CXX object capdDynSys/tests/CnSolverTest/CMakeFiles/CnSolverTest.dir/runTests.cpp.o
[ 70%] Building CXX object capdDynSys/tests/MapMaskTest/CMakeFiles/MapMaskTest.dir/AddMaskTest.cpp.o
5 warnings generated.
[ 71%] Linking CXX executable CnSolverTest
ld: warning: ignoring duplicate libraries: '-lc++'
[ 71%] Built target CnSolverTest
[ 71%] Building CXX object capdDynSys/tests/MapMaskTest/CMakeFiles/MapMaskTest.dir/MapMaskTest.cpp.o
[ 71%] Building CXX object capdDynSys/tests/PoincareMapMaskTest/CMakeFiles/DPoincareMapMaskTest.dir/DPoincareMapMaskTest.cpp.o
In file included from /Users/sumit/opt/capd-src-2f06098/capdDynSys/tests/PoincareMapMaskTest/DPoincareMapMaskTest.cpp:6:
In file included from /Users/sumit/opt/capd-src-2f06098/capdDynSys/include/capd/capdlib.h:30:
In file included from /Users/sumit/opt/capd-src-2f06098/capdDynSys/include/capd/poincare/lib.h:27:
/Users/sumit/opt/capd-src-2f06098/capdDynSys/include/capd/poincare/CoordinateSection.h:51:14: warning: 'operator()' overrides a member function but is not marked 'override' [-Winconsistent-missing-override]
   51 |   ScalarType operator()(const VectorType& v) const{
      |              ^
/Users/sumit/opt/capd-src-2f06098/capdDynSys/tests/PoincareMapMaskTest/DPoincareMapMaskTest.cpp:175:22: note: in instantiation of template class 'capd::poincare::CoordinateSection<capd::vectalg::Matrix<double, 0, 0>>' requested here
  175 |   DCoordinateSection section(3,0);
      |                      ^
/Users/sumit/opt/capd-src-2f06098/capdDynSys/include/capd/poincare/AbstractSection.h:69:22: note: overridden virtual function is here
   69 |   virtual ScalarType operator() (const VectorType& v) const = 0;     ///< evaluates function at a given vector
      |                      ^
In file included from /Users/sumit/opt/capd-src-2f06098/capdDynSys/tests/PoincareMapMaskTest/DPoincareMapMaskTest.cpp:6:
In file included from /Users/sumit/opt/capd-src-2f06098/capdDynSys/include/capd/capdlib.h:30:
In file included from /Users/sumit/opt/capd-src-2f06098/capdDynSys/include/capd/poincare/lib.h:27:
/Users/sumit/opt/capd-src-2f06098/capdDynSys/include/capd/poincare/CoordinateSection.h:71:14: warning: 'gradient' overrides a member function but is not marked 'override' [-Winconsistent-missing-override]
   71 |   VectorType gradient(const VectorType&) const{
      |              ^
/Users/sumit/opt/capd-src-2f06098/capdDynSys/include/capd/poincare/AbstractSection.h:70:22: note: overridden virtual function is here
   70 |   virtual VectorType gradient(const VectorType& u) const = 0;        ///< returns gradient of the function computed at vector u
      |                      ^
In file included from /Users/sumit/opt/capd-src-2f06098/capdDynSys/tests/PoincareMapMaskTest/DPoincareMapMaskTest.cpp:6:
In file included from /Users/sumit/opt/capd-src-2f06098/capdDynSys/include/capd/capdlib.h:30:
In file included from /Users/sumit/opt/capd-src-2f06098/capdDynSys/include/capd/poincare/lib.h:27:
/Users/sumit/opt/capd-src-2f06098/capdDynSys/include/capd/poincare/CoordinateSection.h:74:14: warning: 'gradientByVector' overrides a member function but is not marked 'override' [-Winconsistent-missing-override]
   74 |   ScalarType gradientByVector(const VectorType& /*x*/, const VectorType& u) const {
      |              ^
/Users/sumit/opt/capd-src-2f06098/capdDynSys/include/capd/poincare/AbstractSection.h:71:22: note: overridden virtual function is here
   71 |   virtual ScalarType gradientByVector(const VectorType& x, const VectorType& u) const {
      |                      ^
In file included from /Users/sumit/opt/capd-src-2f06098/capdDynSys/tests/PoincareMapMaskTest/DPoincareMapMaskTest.cpp:6:
In file included from /Users/sumit/opt/capd-src-2f06098/capdDynSys/include/capd/capdlib.h:30:
In file included from /Users/sumit/opt/capd-src-2f06098/capdDynSys/include/capd/poincare/lib.h:27:
/Users/sumit/opt/capd-src-2f06098/capdDynSys/include/capd/poincare/CoordinateSection.h:78:8: warning: 'isSpecialSection' overrides a member function but is not marked 'override' [-Winconsistent-missing-override]
   78 |   bool isSpecialSection() const {
      |        ^
/Users/sumit/opt/capd-src-2f06098/capdDynSys/include/capd/poincare/AbstractSection.h:80:16: note: overridden virtual function is here
   80 |   virtual bool isSpecialSection() const{
      |                ^
In file included from /Users/sumit/opt/capd-src-2f06098/capdDynSys/tests/PoincareMapMaskTest/DPoincareMapMaskTest.cpp:6:
In file included from /Users/sumit/opt/capd-src-2f06098/capdDynSys/include/capd/capdlib.h:30:
In file included from /Users/sumit/opt/capd-src-2f06098/capdDynSys/include/capd/poincare/lib.h:27:
/Users/sumit/opt/capd-src-2f06098/capdDynSys/include/capd/poincare/CoordinateSection.h:82:14: warning: 'evalAt' overrides a member function but is not marked 'override' [-Winconsistent-missing-override]
   82 |   ScalarType evalAt(const capd::dynset::AbstractSet<VectorType>& s) const{
      |              ^
/Users/sumit/opt/capd-src-2f06098/capdDynSys/include/capd/poincare/AbstractSection.h:85:22: note: overridden virtual function is here
   85 |   virtual ScalarType evalAt(const Set& set) const = 0;
      |                      ^
In file included from /Users/sumit/opt/capd-src-2f06098/capdDynSys/tests/PoincareMapMaskTest/DPoincareMapMaskTest.cpp:6:
In file included from /Users/sumit/opt/capd-src-2f06098/capdDynSys/include/capd/capdlib.h:30:
In file included from /Users/sumit/opt/capd-src-2f06098/capdDynSys/include/capd/poincare/lib.h:27:
/Users/sumit/opt/capd-src-2f06098/capdDynSys/include/capd/poincare/CoordinateSection.h:51:14: warning: 'operator()' overrides a member function but is not marked 'override' [-Winconsistent-missing-override]
   51 |   ScalarType operator()(const VectorType& v) const{
      |              ^
/Users/sumit/opt/capd-src-2f06098/capdDynSys/tests/PoincareMapMaskTest/DPoincareMapMaskTest.cpp:254:23: note: in instantiation of template class 'capd::poincare::CoordinateSection<capd::vectalg::Matrix<long double, 0, 0>>' requested here
  254 |   LDCoordinateSection section(3,0);
      |                       ^
/Users/sumit/opt/capd-src-2f06098/capdDynSys/include/capd/poincare/AbstractSection.h:69:22: note: overridden virtual function is here
   69 |   virtual ScalarType operator() (const VectorType& v) const = 0;     ///< evaluates function at a given vector
      |                      ^
In file included from /Users/sumit/opt/capd-src-2f06098/capdDynSys/tests/PoincareMapMaskTest/DPoincareMapMaskTest.cpp:6:
In file included from /Users/sumit/opt/capd-src-2f06098/capdDynSys/include/capd/capdlib.h:30:
In file included from /Users/sumit/opt/capd-src-2f06098/capdDynSys/include/capd/poincare/lib.h:27:
/Users/sumit/opt/capd-src-2f06098/capdDynSys/include/capd/poincare/CoordinateSection.h:71:14: warning: 'gradient' overrides a member function but is not marked 'override' [-Winconsistent-missing-override]
   71 |   VectorType gradient(const VectorType&) const{
      |              ^
/Users/sumit/opt/capd-src-2f06098/capdDynSys/include/capd/poincare/AbstractSection.h:70:22: note: overridden virtual function is here
   70 |   virtual VectorType gradient(const VectorType& u) const = 0;        ///< returns gradient of the function computed at vector u
      |                      ^
In file included from /Users/sumit/opt/capd-src-2f06098/capdDynSys/tests/PoincareMapMaskTest/DPoincareMapMaskTest.cpp:6:
In file included from /Users/sumit/opt/capd-src-2f06098/capdDynSys/include/capd/capdlib.h:30:
In file included from /Users/sumit/opt/capd-src-2f06098/capdDynSys/include/capd/poincare/lib.h:27:
/Users/sumit/opt/capd-src-2f06098/capdDynSys/include/capd/poincare/CoordinateSection.h:74:14: warning: 'gradientByVector' overrides a member function but is not marked 'override' [-Winconsistent-missing-override]
   74 |   ScalarType gradientByVector(const VectorType& /*x*/, const VectorType& u) const {
      |              ^
/Users/sumit/opt/capd-src-2f06098/capdDynSys/include/capd/poincare/AbstractSection.h:71:22: note: overridden virtual function is here
   71 |   virtual ScalarType gradientByVector(const VectorType& x, const VectorType& u) const {
      |                      ^
In file included from /Users/sumit/opt/capd-src-2f06098/capdDynSys/tests/PoincareMapMaskTest/DPoincareMapMaskTest.cpp:6:
In file included from /Users/sumit/opt/capd-src-2f06098/capdDynSys/include/capd/capdlib.h:30:
In file included from /Users/sumit/opt/capd-src-2f06098/capdDynSys/include/capd/poincare/lib.h:27:
/Users/sumit/opt/capd-src-2f06098/capdDynSys/include/capd/poincare/CoordinateSection.h:78:8: warning: 'isSpecialSection' overrides a member function but is not marked 'override' [-Winconsistent-missing-override]
   78 |   bool isSpecialSection() const {
      |        ^
/Users/sumit/opt/capd-src-2f06098/capdDynSys/include/capd/poincare/AbstractSection.h:80:16: note: overridden virtual function is here
   80 |   virtual bool isSpecialSection() const{
      |                ^
In file included from /Users/sumit/opt/capd-src-2f06098/capdDynSys/tests/PoincareMapMaskTest/DPoincareMapMaskTest.cpp:6:
In file included from /Users/sumit/opt/capd-src-2f06098/capdDynSys/include/capd/capdlib.h:30:
In file included from /Users/sumit/opt/capd-src-2f06098/capdDynSys/include/capd/poincare/lib.h:27:
/Users/sumit/opt/capd-src-2f06098/capdDynSys/include/capd/poincare/CoordinateSection.h:82:14: warning: 'evalAt' overrides a member function but is not marked 'override' [-Winconsistent-missing-override]
   82 |   ScalarType evalAt(const capd::dynset::AbstractSet<VectorType>& s) const{
      |              ^
/Users/sumit/opt/capd-src-2f06098/capdDynSys/include/capd/poincare/AbstractSection.h:85:22: note: overridden virtual function is here
   85 |   virtual ScalarType evalAt(const Set& set) const = 0;
      |                      ^
[ 72%] Building CXX object capdDynSys/tests/MapMaskTest/CMakeFiles/MapMaskTest.dir/SetMaskTest.cpp.o
[ 72%] Building CXX object capdDynSys/tests/MapMaskTest/CMakeFiles/MapMaskTest.dir/EmptyMaskTest.cpp.o
[ 72%] Linking CXX executable MapMaskTest
ld: warning: ignoring duplicate libraries: '-lc++'
[ 72%] Built target MapMaskTest
[ 72%] Building CXX object capdDynSys/tests/SingularNaturalPowerTest/CMakeFiles/SingularNaturalPowerTest.dir/SingularNaturalPowerTest.cpp.o
[ 72%] Linking CXX executable SingularNaturalPowerTest
ld: warning: ignoring duplicate libraries: '-lc++'
[ 72%] Built target SingularNaturalPowerTest
[ 73%] Building CXX object capdDynSys/examples/cndemo/CMakeFiles/cndemo1.dir/cndemo1.cpp.o
[ 73%] Linking CXX executable cndemo1
10 warnings generated.
[ 73%] Linking CXX executable DPoincareMapMaskTest
ld: warning: ignoring duplicate libraries: '-lc++'
[ 73%] Built target cndemo1
[ 73%] Building CXX object capdDynSys/examples/cndemo/CMakeFiles/cndemo2.dir/cndemo2.cpp.o
[ 73%] Built target DPoincareMapMaskTest
[ 74%] Building CXX object capdDynSys/examples/cndemo/CMakeFiles/cndemo3.dir/cndemo3.cpp.o
[ 74%] Linking CXX executable cndemo2
[ 74%] Linking CXX executable cndemo3
[ 74%] Built target cndemo2
[ 74%] Building CXX object capdDynSys/examples/coveringRelation/CMakeFiles/coveringRelations2D_a.dir/coveringRelations2D_a.cpp.o
[ 74%] Built target cndemo3
[ 74%] Building CXX object capdDynSys/examples/coveringRelation/CMakeFiles/coveringRelations2D_b.dir/coveringRelations2D_b.cpp.o
[ 75%] Linking CXX executable coveringRelations2D_a
[ 75%] Linking CXX executable coveringRelations2D_b
[ 75%] Built target coveringRelations2D_b
[ 75%] Built target coveringRelations2D_a
[ 75%] Building CXX object capdDynSys/examples/coveringRelation/CMakeFiles/coveringRelations2D_c.dir/coveringRelations2D_c.cpp.o
[ 75%] Building CXX object capdDynSys/examples/diffIncldemo/CMakeFiles/diffInclExample.dir/diffInclExample.cpp.o
[ 75%] Linking CXX executable diffInclExample
[ 75%] Built target diffInclExample
[ 76%] Building CXX object capdDynSys/examples/encloseTrajectory/CMakeFiles/encloseMonodromyMatrixBetweenTimeSteps.dir/encloseMonodromyMatrixBetweenTimeSteps.cpp.o
[ 77%] Linking CXX executable coveringRelations2D_c
[ 77%] Built target coveringRelations2D_c
[ 77%] Building CXX object capdDynSys/examples/encloseTrajectory/CMakeFiles/encloseTrajectoryBetweenTimeSteps.dir/encloseTrajectoryBetweenTimeSteps.cpp.o
[ 77%] Linking CXX executable encloseMonodromyMatrixBetweenTimeSteps
[ 77%] Built target encloseMonodromyMatrixBetweenTimeSteps
[ 78%] Linking CXX executable encloseTrajectoryBetweenTimeSteps
[ 79%] Building CXX object capdDynSys/examples/integrate/CMakeFiles/integrateVariationalEquation.dir/integrateVariationalEquation.cpp.o
[ 79%] Built target encloseTrajectoryBetweenTimeSteps
[ 79%] Building CXX object capdDynSys/examples/integrate/CMakeFiles/integrate.dir/integrate.cpp.o
[ 79%] Linking CXX executable integrateVariationalEquation
[ 79%] Built target integrateVariationalEquation
[ 79%] Building CXX object capdDynSys/examples/LorenzPeriodicOrbit/CMakeFiles/LorenzPeriodicOrbit.dir/LorenzPeriodicOrbit.cpp.o
[ 79%] Linking CXX executable integrate
[ 79%] Built target integrate
[ 80%] Building CXX object capdDynSys/examples/maps/CMakeFiles/mapExample.dir/mapExample.cpp.o
In file included from /Users/sumit/opt/capd-src-2f06098/capdDynSys/examples/LorenzPeriodicOrbit/LorenzPeriodicOrbit.cpp:66:
In file included from /Users/sumit/opt/capd-src-2f06098/capdDynSys/include/capd/capdlib.h:30:
In file included from /Users/sumit/opt/capd-src-2f06098/capdDynSys/include/capd/poincare/lib.h:27:
/Users/sumit/opt/capd-src-2f06098/capdDynSys/include/capd/poincare/CoordinateSection.h:51:14: warning: 'operator()' overrides a member function but is not marked 'override' [-Winconsistent-missing-override]
   51 |   ScalarType operator()(const VectorType& v) const{
      |              ^
/Users/sumit/opt/capd-src-2f06098/capdDynSys/examples/LorenzPeriodicOrbit/LorenzPeriodicOrbit.cpp:147:31: note: in instantiation of template class 'capd::poincare::CoordinateSection<capd::vectalg::Matrix<capd::intervals::Interval<double, capd::rounding::DoubleRounding>, 3, 3>>' requested here
  147 |     capd3::ICoordinateSection section(3,2,27.);
      |                               ^
/Users/sumit/opt/capd-src-2f06098/capdDynSys/include/capd/poincare/AbstractSection.h:69:22: note: overridden virtual function is here
   69 |   virtual ScalarType operator() (const VectorType& v) const = 0;     ///< evaluates function at a given vector
      |                      ^
In file included from /Users/sumit/opt/capd-src-2f06098/capdDynSys/examples/LorenzPeriodicOrbit/LorenzPeriodicOrbit.cpp:66:
In file included from /Users/sumit/opt/capd-src-2f06098/capdDynSys/include/capd/capdlib.h:30:
In file included from /Users/sumit/opt/capd-src-2f06098/capdDynSys/include/capd/poincare/lib.h:27:
/Users/sumit/opt/capd-src-2f06098/capdDynSys/include/capd/poincare/CoordinateSection.h:71:14: warning: 'gradient' overrides a member function but is not marked 'override' [-Winconsistent-missing-override]
   71 |   VectorType gradient(const VectorType&) const{
      |              ^
/Users/sumit/opt/capd-src-2f06098/capdDynSys/include/capd/poincare/AbstractSection.h:70:22: note: overridden virtual function is here
   70 |   virtual VectorType gradient(const VectorType& u) const = 0;        ///< returns gradient of the function computed at vector u
      |                      ^
In file included from /Users/sumit/opt/capd-src-2f06098/capdDynSys/examples/LorenzPeriodicOrbit/LorenzPeriodicOrbit.cpp:66:
In file included from /Users/sumit/opt/capd-src-2f06098/capdDynSys/include/capd/capdlib.h:30:
In file included from /Users/sumit/opt/capd-src-2f06098/capdDynSys/include/capd/poincare/lib.h:27:
/Users/sumit/opt/capd-src-2f06098/capdDynSys/include/capd/poincare/CoordinateSection.h:74:14: warning: 'gradientByVector' overrides a member function but is not marked 'override' [-Winconsistent-missing-override]
   74 |   ScalarType gradientByVector(const VectorType& /*x*/, const VectorType& u) const {
      |              ^
/Users/sumit/opt/capd-src-2f06098/capdDynSys/include/capd/poincare/AbstractSection.h:71:22: note: overridden virtual function is here
   71 |   virtual ScalarType gradientByVector(const VectorType& x, const VectorType& u) const {
      |                      ^
In file included from /Users/sumit/opt/capd-src-2f06098/capdDynSys/examples/LorenzPeriodicOrbit/LorenzPeriodicOrbit.cpp:66:
In file included from /Users/sumit/opt/capd-src-2f06098/capdDynSys/include/capd/capdlib.h:30:
In file included from /Users/sumit/opt/capd-src-2f06098/capdDynSys/include/capd/poincare/lib.h:27:
/Users/sumit/opt/capd-src-2f06098/capdDynSys/include/capd/poincare/CoordinateSection.h:78:8: warning: 'isSpecialSection' overrides a member function but is not marked 'override' [-Winconsistent-missing-override]
   78 |   bool isSpecialSection() const {
      |        ^
/Users/sumit/opt/capd-src-2f06098/capdDynSys/include/capd/poincare/AbstractSection.h:80:16: note: overridden virtual function is here
   80 |   virtual bool isSpecialSection() const{
      |                ^
In file included from /Users/sumit/opt/capd-src-2f06098/capdDynSys/examples/LorenzPeriodicOrbit/LorenzPeriodicOrbit.cpp:66:
In file included from /Users/sumit/opt/capd-src-2f06098/capdDynSys/include/capd/capdlib.h:30:
In file included from /Users/sumit/opt/capd-src-2f06098/capdDynSys/include/capd/poincare/lib.h:27:
/Users/sumit/opt/capd-src-2f06098/capdDynSys/include/capd/poincare/CoordinateSection.h:82:14: warning: 'evalAt' overrides a member function but is not marked 'override' [-Winconsistent-missing-override]
   82 |   ScalarType evalAt(const capd::dynset::AbstractSet<VectorType>& s) const{
      |              ^
/Users/sumit/opt/capd-src-2f06098/capdDynSys/include/capd/poincare/AbstractSection.h:85:22: note: overridden virtual function is here
   85 |   virtual ScalarType evalAt(const Set& set) const = 0;
      |                      ^
In file included from /Users/sumit/opt/capd-src-2f06098/capdDynSys/examples/LorenzPeriodicOrbit/LorenzPeriodicOrbit.cpp:66:
In file included from /Users/sumit/opt/capd-src-2f06098/capdDynSys/include/capd/capdlib.h:29:
In file included from /Users/sumit/opt/capd-src-2f06098/capdDynSys/include/capd/dynsys/lib.h:23:
In file included from /Users/sumit/opt/capd-src-2f06098/capdDynSys/include/capd/dynsys/OdeSolver.h:27:
In file included from /Users/sumit/opt/capd-src-2f06098/capdDynSys/include/capd/dynsys/HighOrderEnclosure.h:17:
In file included from /Users/sumit/opt/capd-src-2f06098/capdAlg/include/capd/intervals/Interval.hpp:33:
/Users/sumit/opt/capd-src-2f06098/capdAlg/include/capd/intervals/Interval_Fun.hpp:440:15: warning: implicit conversion from 'type' (aka 'long') to 'double' changes value from 9223372036854775807 to 9223372036854775808 [-Wimplicit-const-int-float-conversion]
  440 |     if(temp > std::numeric_limits<long>::max())
      |             ~ ^~~~~~~~~~~~~~~~~~~~~~~~~~~~~~~~
/Users/sumit/opt/capd-src-2f06098/capdAlg/include/capd/intervals/Interval.h:526:69: note: in instantiation of function template specialization 'capd::intervals::sin<double, capd::rounding::DoubleRounding>' requested here
  526 |   static constexpr inline Interval _sin(const Interval& x) {    return sin(x);  }
      |                                                                        ^
/Users/sumit/opt/capd-src-2f06098/capdDynSys/include/capd/autodiff/EvalSinCos.h:405:1: note: in instantiation of function template specialization 'capd::autodiff::Sin::evalC0<capd::intervals::Interval<double, capd::rounding::DoubleRounding>, capd::intervals::Interval<double, capd::rounding::DoubleRounding> *>' requested here
  405 | CAPD_MAKE_DAG_NODE(Sin);
      | ^
/Users/sumit/opt/capd-src-2f06098/capdDynSys/include/capd/autodiff/NodeType.h:275:18: note: expanded from macro 'CAPD_MAKE_DAG_NODE'
  275 |       ClassName::evalC0(this->left,this->right,this->result,coeffNo);\
      |                  ^
/Users/sumit/opt/capd-src-2f06098/capdDynSys/include/capd/autodiff/eval.hpp:162:5: note: in instantiation of member function 'capd::autodiff::SinNode<capd::intervals::Interval<double, capd::rounding::DoubleRounding>>::evalC0' requested here
  162 |     CAPD_MAKE_NODE(NODE_SIN,Sin);
      |     ^
/Users/sumit/opt/capd-src-2f06098/capdDynSys/include/capd/autodiff/eval.hpp:16:70: note: expanded from macro 'CAPD_MAKE_NODE'
   16 | #define CAPD_MAKE_NODE(NodeName,ClassName) case NodeName : { p = new ClassName##Node<T>;  break; }
      |                                                                      ^
<scratch space>:228:1: note: expanded from here
  228 | SinNode
      | ^
/Users/sumit/opt/capd-src-2f06098/capdDynSys/include/capd/map/BasicFunction.hpp:111:19: note: in instantiation of function template specialization 'capd::autodiff::Int4ToAbstractNode<capd::intervals::Interval<double, capd::rounding::DoubleRounding>>' requested here
  111 |   capd::autodiff::Int4ToAbstractNode(this->m_evalPath,this->m_nodes,this->m_dag);
      |                   ^
/Users/sumit/opt/capd-src-2f06098/capdDynSys/include/capd/map/BasicFunction.hpp:122:9: note: in instantiation of member function 'capd::map::BasicFunction<capd::intervals::Interval<double, capd::rounding::DoubleRounding>>::createEvalPath' requested here
  122 |   this->createEvalPath();
      |         ^
/Users/sumit/opt/capd-src-2f06098/capdDynSys/include/capd/map/BasicFunction.hpp:51:9: note: in instantiation of member function 'capd::map::BasicFunction<capd::intervals::Interval<double, capd::rounding::DoubleRounding>>::createFromText' requested here
   51 |   this->createFromText(s);
      |         ^
/Users/sumit/opt/capd-src-2f06098/capdDynSys/include/capd/map/Map.hpp:55:54: note: in instantiation of member function 'capd::map::BasicFunction<capd::intervals::Interval<double, capd::rounding::DoubleRounding>>::BasicFunction' requested here
   55 | Map<MatrixT>::Map(const char *s, size_type degree) : BaseFunction(s), m_degree(degree)
      |                                                      ^
/Users/sumit/opt/capd-src-2f06098/capdDynSys/examples/LorenzPeriodicOrbit/LorenzPeriodicOrbit.cpp:145:17: note: in instantiation of member function 'capd::map::Map<capd::vectalg::Matrix<capd::intervals::Interval<double, capd::rounding::DoubleRounding>, 3, 3>>::Map' requested here
  145 |     capd3::IMap vectorField("par:q;var:x,y,z;fun:10*(y-x),x*(28-z)-y,x*y-q*z;");
      |                 ^
[ 80%] Linking CXX executable mapExample
[ 80%] Built target mapExample
[ 80%] Building CXX object capdDynSys/examples/maps/CMakeFiles/jetTransportExample.dir/jetTransportExample.cpp.o
[ 80%] Linking CXX executable jetTransportExample
[ 80%] Built target jetTransportExample
[ 81%] Building CXX object capdDynSys/examples/maps/CMakeFiles/hessianExample.dir/hessianExample.cpp.o
[ 81%] Linking CXX executable hessianExample
[ 81%] Built target hessianExample
[ 81%] Building CXX object capdDynSys/examples/maps/CMakeFiles/jetIndexingExample.dir/jetIndexingExample.cpp.o
[ 82%] Linking CXX executable jetIndexingExample
[ 82%] Built target jetIndexingExample
[ 82%] Building CXX object capdDynSys/examples/maps/CMakeFiles/jetExample.dir/jetExample.cpp.o
[ 82%] Linking CXX executable jetExample
6 warnings generated.
[ 83%] Linking CXX executable LorenzPeriodicOrbit
[ 83%] Built target jetExample
[ 83%] Built target LorenzPeriodicOrbit
[ 83%] Building CXX object capdDynSys/examples/newton/CMakeFiles/newtonSimple.dir/newtonSimple.cpp.o
[ 83%] Building CXX object capdDynSys/examples/newton/CMakeFiles/newtontst.dir/newtontst.cpp.o
In file included from /Users/sumit/opt/capd-src-2f06098/capdDynSys/examples/newton/newtontst.cpp:19:
In file included from /Users/sumit/opt/capd-src-2f06098/capdDynSys/include/capd/capdlib.h:29:
In file included from /Users/sumit/opt/capd-src-2f06098/capdDynSys/include/capd/dynsys/lib.h:23:
In file included from /Users/sumit/opt/capd-src-2f06098/capdDynSys/include/capd/dynsys/OdeSolver.h:27:
In file included from /Users/sumit/opt/capd-src-2f06098/capdDynSys/include/capd/dynsys/HighOrderEnclosure.h:17:
In file included from /Users/sumit/opt/capd-src-2f06098/capdAlg/include/capd/intervals/Interval.hpp:33:
/Users/sumit/opt/capd-src-2f06098/capdAlg/include/capd/intervals/Interval_Fun.hpp:440:15: warning: implicit conversion from 'type' (aka 'long') to 'double' changes value from 9223372036854775807 to 9223372036854775808 [-Wimplicit-const-int-float-conversion]
  440 |     if(temp > std::numeric_limits<long>::max())
      |             ~ ^~~~~~~~~~~~~~~~~~~~~~~~~~~~~~~~
/Users/sumit/opt/capd-src-2f06098/capdAlg/include/capd/intervals/Interval.h:526:69: note: in instantiation of function template specialization 'capd::intervals::sin<double, capd::rounding::DoubleRounding>' requested here
  526 |   static constexpr inline Interval _sin(const Interval& x) {    return sin(x);  }
      |                                                                        ^
/Users/sumit/opt/capd-src-2f06098/capdDynSys/include/capd/autodiff/EvalSinCos.h:405:1: note: in instantiation of function template specialization 'capd::autodiff::Sin::evalC0<capd::intervals::Interval<double, capd::rounding::DoubleRounding>, capd::intervals::Interval<double, capd::rounding::DoubleRounding> *>' requested here
  405 | CAPD_MAKE_DAG_NODE(Sin);
      | ^
/Users/sumit/opt/capd-src-2f06098/capdDynSys/include/capd/autodiff/NodeType.h:275:18: note: expanded from macro 'CAPD_MAKE_DAG_NODE'
  275 |       ClassName::evalC0(this->left,this->right,this->result,coeffNo);\
      |                  ^
/Users/sumit/opt/capd-src-2f06098/capdDynSys/include/capd/autodiff/eval.hpp:162:5: note: in instantiation of member function 'capd::autodiff::SinNode<capd::intervals::Interval<double, capd::rounding::DoubleRounding>>::evalC0' requested here
  162 |     CAPD_MAKE_NODE(NODE_SIN,Sin);
      |     ^
/Users/sumit/opt/capd-src-2f06098/capdDynSys/include/capd/autodiff/eval.hpp:16:70: note: expanded from macro 'CAPD_MAKE_NODE'
   16 | #define CAPD_MAKE_NODE(NodeName,ClassName) case NodeName : { p = new ClassName##Node<T>;  break; }
      |                                                                      ^
<scratch space>:16:1: note: expanded from here
   16 | SinNode
      | ^
/Users/sumit/opt/capd-src-2f06098/capdDynSys/include/capd/map/BasicFunction.hpp:111:19: note: in instantiation of function template specialization 'capd::autodiff::Int4ToAbstractNode<capd::intervals::Interval<double, capd::rounding::DoubleRounding>>' requested here
  111 |   capd::autodiff::Int4ToAbstractNode(this->m_evalPath,this->m_nodes,this->m_dag);
      |                   ^
/Users/sumit/opt/capd-src-2f06098/capdDynSys/include/capd/map/BasicFunction.hpp:122:9: note: in instantiation of member function 'capd::map::BasicFunction<capd::intervals::Interval<double, capd::rounding::DoubleRounding>>::createEvalPath' requested here
  122 |   this->createEvalPath();
      |         ^
/Users/sumit/opt/capd-src-2f06098/capdDynSys/include/capd/map/BasicFunction.hpp:51:9: note: in instantiation of member function 'capd::map::BasicFunction<capd::intervals::Interval<double, capd::rounding::DoubleRounding>>::createFromText' requested here
   51 |   this->createFromText(s);
      |         ^
/Users/sumit/opt/capd-src-2f06098/capdDynSys/include/capd/map/Map.hpp:55:54: note: in instantiation of member function 'capd::map::BasicFunction<capd::intervals::Interval<double, capd::rounding::DoubleRounding>>::BasicFunction' requested here
   55 | Map<MatrixT>::Map(const char *s, size_type degree) : BaseFunction(s), m_degree(degree)
      |                                                      ^
/Users/sumit/opt/capd-src-2f06098/capdDynSys/examples/newton/newtontst.cpp:76:9: note: in instantiation of member function 'capd::map::Map<capd::vectalg::Matrix<capd::intervals::Interval<double, capd::rounding::DoubleRounding>, 2, 2>>::Map' requested here
   76 |    IMap Henon("par:a,b;var:x,y;fun:1-a*x*x+y,b*x;");
      |         ^
[ 84%] Linking CXX executable newtonSimple
[ 84%] Built target newtonSimple
[ 85%] Building CXX object capdDynSys/examples/odes/CMakeFiles/DTimeMapMonodromyMatrixCurveExample.dir/DTimeMapMonodromyMatrixCurveExample.cpp.o
[ 85%] Linking CXX executable DTimeMapMonodromyMatrixCurveExample
[ 85%] Built target DTimeMapMonodromyMatrixCurveExample
[ 86%] Building CXX object capdDynSys/examples/odes/CMakeFiles/DTimeMapStepControlExample.dir/DTimeMapStepControlExample.cpp.o
[ 86%] Linking CXX executable DTimeMapStepControlExample
[ 86%] Built target DTimeMapStepControlExample
[ 86%] Building CXX object capdDynSys/examples/odes/CMakeFiles/DTimeMapSolutionCurveExample.dir/DTimeMapSolutionCurveExample.cpp.o
[ 86%] Linking CXX executable DTimeMapSolutionCurveExample
[ 86%] Built target DTimeMapSolutionCurveExample
[ 87%] Building CXX object capdDynSys/examples/odes/CMakeFiles/DSolverExample.dir/DSolverExample.cpp.o
[ 87%] Linking CXX executable DSolverExample
[ 87%] Built target DSolverExample
[ 87%] Building CXX object capdDynSys/examples/odes/CMakeFiles/DTimeMapJetExample.dir/DTimeMapJetExample.cpp.o
1 warning generated.
[ 87%] Linking CXX executable newtontst
[ 87%] Built target newtontst
[ 87%] Building CXX object capdDynSys/examples/odes/CMakeFiles/DSolverVariationalEquationsExample.dir/DSolverVariationalEquationsExample.cpp.o
[ 87%] Linking CXX executable DTimeMapJetExample
[ 87%] Built target DTimeMapJetExample
[ 87%] Building CXX object capdDynSys/examples/odes/CMakeFiles/DTimeMapVariationalEquationsExample.dir/DTimeMapVariationalEquationsExample.cpp.o
[ 87%] Linking CXX executable DSolverVariationalEquationsExample
[ 87%] Built target DSolverVariationalEquationsExample
[ 88%] Building CXX object capdDynSys/examples/odes/CMakeFiles/DTimeMapExample.dir/DTimeMapExample.cpp.o
[ 89%] Linking CXX executable DTimeMapVariationalEquationsExample
[ 89%] Built target DTimeMapVariationalEquationsExample
[ 89%] Linking CXX executable DTimeMapExample
[ 89%] Building CXX object capdDynSys/examples/odes/CMakeFiles/DTimeMapJetCurveExample.dir/DTimeMapJetCurveExample.cpp.o
[ 89%] Built target DTimeMapExample
[ 89%] Building CXX object capdDynSys/examples/odes/CMakeFiles/DTimeMapHessianCurveExample.dir/DTimeMapHessianCurveExample.cpp.o
[ 90%] Linking CXX executable DTimeMapJetCurveExample
[ 91%] Linking CXX executable DTimeMapHessianCurveExample
[ 91%] Built target DTimeMapHessianCurveExample
[ 91%] Built target DTimeMapJetCurveExample
[ 91%] Building CXX object capdDynSys/examples/odes/CMakeFiles/DTimeMapHessianExample.dir/DTimeMapHessianExample.cpp.o
[ 92%] Building CXX object capdDynSys/examples/odesrig/CMakeFiles/ITimeMapEncloseTrajectoryExample.dir/ITimeMapEncloseTrajectoryExample.cpp.o
[ 92%] Linking CXX executable DTimeMapHessianExample
[ 92%] Built target DTimeMapHessianExample
[ 93%] Building CXX object capdDynSys/examples/odesrig/CMakeFiles/ITimeMapMonodromyMatrixCurveExample.dir/ITimeMapMonodromyMatrixCurveExample.cpp.o
[ 93%] Linking CXX executable ITimeMapEncloseTrajectoryExample
[ 93%] Built target ITimeMapEncloseTrajectoryExample
[ 93%] Building CXX object capdDynSys/examples/odesrig/CMakeFiles/ITimeMapSolutionCurveExample.dir/ITimeMapSolutionCurveExample.cpp.o
[ 93%] Linking CXX executable ITimeMapMonodromyMatrixCurveExample
[ 93%] Built target ITimeMapMonodromyMatrixCurveExample
[ 93%] Building CXX object capdDynSys/examples/odesrig/CMakeFiles/ITimeMapExample.dir/ITimeMapExample.cpp.o
[ 94%] Linking CXX executable ITimeMapSolutionCurveExample
[ 94%] Built target ITimeMapSolutionCurveExample
[ 94%] Building CXX object capdDynSys/examples/odesrig/CMakeFiles/ITimeMapVariationalEquationsExample.dir/ITimeMapVariationalEquationsExample.cpp.o
[ 94%] Linking CXX executable ITimeMapExample
[ 94%] Built target ITimeMapExample
[ 95%] Building CXX object capdDynSys/examples/poincare/CMakeFiles/IPoincareMapDerivativeExample.dir/IPoincareMapDerivativeExample.cpp.o
[ 95%] Linking CXX executable ITimeMapVariationalEquationsExample
[ 95%] Built target ITimeMapVariationalEquationsExample
[ 95%] Building CXX object capdDynSys/examples/poincare/CMakeFiles/DPoincareMapDerivativeExample.dir/DPoincareMapDerivativeExample.cpp.o
In file included from /Users/sumit/opt/capd-src-2f06098/capdDynSys/examples/poincare/IPoincareMapDerivativeExample.cpp:3:
In file included from /Users/sumit/opt/capd-src-2f06098/capdDynSys/include/capd/capdlib.h:30:
In file included from /Users/sumit/opt/capd-src-2f06098/capdDynSys/include/capd/poincare/lib.h:27:
/Users/sumit/opt/capd-src-2f06098/capdDynSys/include/capd/poincare/CoordinateSection.h:51:14: warning: 'operator()' overrides a member function but is not marked 'override' [-Winconsistent-missing-override]
   51 |   ScalarType operator()(const VectorType& v) const{
      |              ^
/Users/sumit/opt/capd-src-2f06098/capdDynSys/examples/poincare/IPoincareMapDerivativeExample.cpp:21:24: note: in instantiation of template class 'capd::poincare::CoordinateSection<capd::vectalg::Matrix<capd::intervals::Interval<double, capd::rounding::DoubleRounding>, 0, 0>>' requested here
   21 |     ICoordinateSection section(3,0); // the section is x=0, i.e. 0-index coordinate of 3
      |                        ^
/Users/sumit/opt/capd-src-2f06098/capdDynSys/include/capd/poincare/AbstractSection.h:69:22: note: overridden virtual function is here
   69 |   virtual ScalarType operator() (const VectorType& v) const = 0;     ///< evaluates function at a given vector
      |                      ^
In file included from /Users/sumit/opt/capd-src-2f06098/capdDynSys/examples/poincare/IPoincareMapDerivativeExample.cpp:3:
In file included from /Users/sumit/opt/capd-src-2f06098/capdDynSys/include/capd/capdlib.h:30:
In file included from /Users/sumit/opt/capd-src-2f06098/capdDynSys/include/capd/poincare/lib.h:27:
/Users/sumit/opt/capd-src-2f06098/capdDynSys/include/capd/poincare/CoordinateSection.h:71:14: warning: 'gradient' overrides a member function but is not marked 'override' [-Winconsistent-missing-override]
   71 |   VectorType gradient(const VectorType&) const{
      |              ^
/Users/sumit/opt/capd-src-2f06098/capdDynSys/include/capd/poincare/AbstractSection.h:70:22: note: overridden virtual function is here
   70 |   virtual VectorType gradient(const VectorType& u) const = 0;        ///< returns gradient of the function computed at vector u
      |                      ^
In file included from /Users/sumit/opt/capd-src-2f06098/capdDynSys/examples/poincare/IPoincareMapDerivativeExample.cpp:3:
In file included from /Users/sumit/opt/capd-src-2f06098/capdDynSys/include/capd/capdlib.h:30:
In file included from /Users/sumit/opt/capd-src-2f06098/capdDynSys/include/capd/poincare/lib.h:27:
/Users/sumit/opt/capd-src-2f06098/capdDynSys/include/capd/poincare/CoordinateSection.h:74:14: warning: 'gradientByVector' overrides a member function but is not marked 'override' [-Winconsistent-missing-override]
   74 |   ScalarType gradientByVector(const VectorType& /*x*/, const VectorType& u) const {
      |              ^
/Users/sumit/opt/capd-src-2f06098/capdDynSys/include/capd/poincare/AbstractSection.h:71:22: note: overridden virtual function is here
   71 |   virtual ScalarType gradientByVector(const VectorType& x, const VectorType& u) const {
      |                      ^
In file included from /Users/sumit/opt/capd-src-2f06098/capdDynSys/examples/poincare/IPoincareMapDerivativeExample.cpp:3:
In file included from /Users/sumit/opt/capd-src-2f06098/capdDynSys/include/capd/capdlib.h:30:
In file included from /Users/sumit/opt/capd-src-2f06098/capdDynSys/include/capd/poincare/lib.h:27:
/Users/sumit/opt/capd-src-2f06098/capdDynSys/include/capd/poincare/CoordinateSection.h:78:8: warning: 'isSpecialSection' overrides a member function but is not marked 'override' [-Winconsistent-missing-override]
   78 |   bool isSpecialSection() const {
      |        ^
/Users/sumit/opt/capd-src-2f06098/capdDynSys/include/capd/poincare/AbstractSection.h:80:16: note: overridden virtual function is here
   80 |   virtual bool isSpecialSection() const{
      |                ^
In file included from /Users/sumit/opt/capd-src-2f06098/capdDynSys/examples/poincare/IPoincareMapDerivativeExample.cpp:3:
In file included from /Users/sumit/opt/capd-src-2f06098/capdDynSys/include/capd/capdlib.h:30:
In file included from /Users/sumit/opt/capd-src-2f06098/capdDynSys/include/capd/poincare/lib.h:27:
/Users/sumit/opt/capd-src-2f06098/capdDynSys/include/capd/poincare/CoordinateSection.h:82:14: warning: 'evalAt' overrides a member function but is not marked 'override' [-Winconsistent-missing-override]
   82 |   ScalarType evalAt(const capd::dynset::AbstractSet<VectorType>& s) const{
      |              ^
/Users/sumit/opt/capd-src-2f06098/capdDynSys/include/capd/poincare/AbstractSection.h:85:22: note: overridden virtual function is here
   85 |   virtual ScalarType evalAt(const Set& set) const = 0;
      |                      ^
In file included from /Users/sumit/opt/capd-src-2f06098/capdDynSys/examples/poincare/DPoincareMapDerivativeExample.cpp:3:
In file included from /Users/sumit/opt/capd-src-2f06098/capdDynSys/include/capd/capdlib.h:30:
In file included from /Users/sumit/opt/capd-src-2f06098/capdDynSys/include/capd/poincare/lib.h:27:
/Users/sumit/opt/capd-src-2f06098/capdDynSys/include/capd/poincare/CoordinateSection.h:51:14: warning: 'operator()' overrides a member function but is not marked 'override' [-Winconsistent-missing-override]
   51 |   ScalarType operator()(const VectorType& v) const{
      |              ^
/Users/sumit/opt/capd-src-2f06098/capdDynSys/examples/poincare/DPoincareMapDerivativeExample.cpp:21:24: note: in instantiation of template class 'capd::poincare::CoordinateSection<capd::vectalg::Matrix<double, 0, 0>>' requested here
   21 |     DCoordinateSection section(3,0); //  the section is x=0, 0-index from 3
      |                        ^
/Users/sumit/opt/capd-src-2f06098/capdDynSys/include/capd/poincare/AbstractSection.h:69:22: note: overridden virtual function is here
   69 |   virtual ScalarType operator() (const VectorType& v) const = 0;     ///< evaluates function at a given vector
      |                      ^
In file included from /Users/sumit/opt/capd-src-2f06098/capdDynSys/examples/poincare/DPoincareMapDerivativeExample.cpp:3:
In file included from /Users/sumit/opt/capd-src-2f06098/capdDynSys/include/capd/capdlib.h:30:
In file included from /Users/sumit/opt/capd-src-2f06098/capdDynSys/include/capd/poincare/lib.h:27:
/Users/sumit/opt/capd-src-2f06098/capdDynSys/include/capd/poincare/CoordinateSection.h:71:14: warning: 'gradient' overrides a member function but is not marked 'override' [-Winconsistent-missing-override]
   71 |   VectorType gradient(const VectorType&) const{
      |              ^
/Users/sumit/opt/capd-src-2f06098/capdDynSys/include/capd/poincare/AbstractSection.h:70:22: note: overridden virtual function is here
   70 |   virtual VectorType gradient(const VectorType& u) const = 0;        ///< returns gradient of the function computed at vector u
      |                      ^
In file included from /Users/sumit/opt/capd-src-2f06098/capdDynSys/examples/poincare/DPoincareMapDerivativeExample.cpp:3:
In file included from /Users/sumit/opt/capd-src-2f06098/capdDynSys/include/capd/capdlib.h:30:
In file included from /Users/sumit/opt/capd-src-2f06098/capdDynSys/include/capd/poincare/lib.h:27:
/Users/sumit/opt/capd-src-2f06098/capdDynSys/include/capd/poincare/CoordinateSection.h:74:14: warning: 'gradientByVector' overrides a member function but is not marked 'override' [-Winconsistent-missing-override]
   74 |   ScalarType gradientByVector(const VectorType& /*x*/, const VectorType& u) const {
      |              ^
/Users/sumit/opt/capd-src-2f06098/capdDynSys/include/capd/poincare/AbstractSection.h:71:22: note: overridden virtual function is here
   71 |   virtual ScalarType gradientByVector(const VectorType& x, const VectorType& u) const {
      |                      ^
In file included from /Users/sumit/opt/capd-src-2f06098/capdDynSys/examples/poincare/DPoincareMapDerivativeExample.cpp:3:
In file included from /Users/sumit/opt/capd-src-2f06098/capdDynSys/include/capd/capdlib.h:30:
In file included from /Users/sumit/opt/capd-src-2f06098/capdDynSys/include/capd/poincare/lib.h:27:
/Users/sumit/opt/capd-src-2f06098/capdDynSys/include/capd/poincare/CoordinateSection.h:78:8: warning: 'isSpecialSection' overrides a member function but is not marked 'override' [-Winconsistent-missing-override]
   78 |   bool isSpecialSection() const {
      |        ^
/Users/sumit/opt/capd-src-2f06098/capdDynSys/include/capd/poincare/AbstractSection.h:80:16: note: overridden virtual function is here
   80 |   virtual bool isSpecialSection() const{
      |                ^
In file included from /Users/sumit/opt/capd-src-2f06098/capdDynSys/examples/poincare/DPoincareMapDerivativeExample.cpp:3:
In file included from /Users/sumit/opt/capd-src-2f06098/capdDynSys/include/capd/capdlib.h:30:
In file included from /Users/sumit/opt/capd-src-2f06098/capdDynSys/include/capd/poincare/lib.h:27:
/Users/sumit/opt/capd-src-2f06098/capdDynSys/include/capd/poincare/CoordinateSection.h:82:14: warning: 'evalAt' overrides a member function but is not marked 'override' [-Winconsistent-missing-override]
   82 |   ScalarType evalAt(const capd::dynset::AbstractSet<VectorType>& s) const{
      |              ^
/Users/sumit/opt/capd-src-2f06098/capdDynSys/include/capd/poincare/AbstractSection.h:85:22: note: overridden virtual function is here
   85 |   virtual ScalarType evalAt(const Set& set) const = 0;
      |                      ^
5 warnings generated.
[ 95%] Linking CXX executable DPoincareMapDerivativeExample
[ 95%] Built target DPoincareMapDerivativeExample
[ 95%] Building CXX object capdDynSys/examples/poincare/CMakeFiles/IPoincareMapExample.dir/IPoincareMapExample.cpp.o
5 warnings generated.
[ 95%] Linking CXX executable IPoincareMapDerivativeExample
[ 95%] Built target IPoincareMapDerivativeExample
[ 95%] Building CXX object capdDynSys/examples/poincare/CMakeFiles/DPoincareMapExample.dir/DPoincareMapExample.cpp.o
In file included from /Users/sumit/opt/capd-src-2f06098/capdDynSys/examples/poincare/IPoincareMapExample.cpp:2:
In file included from /Users/sumit/opt/capd-src-2f06098/capdDynSys/include/capd/capdlib.h:30:
In file included from /Users/sumit/opt/capd-src-2f06098/capdDynSys/include/capd/poincare/lib.h:27:
/Users/sumit/opt/capd-src-2f06098/capdDynSys/include/capd/poincare/CoordinateSection.h:51:14: warning: 'operator()' overrides a member function but is not marked 'override' [-Winconsistent-missing-override]
   51 |   ScalarType operator()(const VectorType& v) const{
      |              ^
/Users/sumit/opt/capd-src-2f06098/capdDynSys/examples/poincare/IPoincareMapExample.cpp:54:22: note: in instantiation of template class 'capd::poincare::CoordinateSection<capd::vectalg::Matrix<capd::intervals::Interval<double, capd::rounding::DoubleRounding>, 0, 0>>' requested here
   54 |   ICoordinateSection section(4,1); // the section is y=0, i.e. 1 coordinate of 4
      |                      ^
/Users/sumit/opt/capd-src-2f06098/capdDynSys/include/capd/poincare/AbstractSection.h:69:22: note: overridden virtual function is here
   69 |   virtual ScalarType operator() (const VectorType& v) const = 0;     ///< evaluates function at a given vector
      |                      ^
In file included from /Users/sumit/opt/capd-src-2f06098/capdDynSys/examples/poincare/IPoincareMapExample.cpp:2:
In file included from /Users/sumit/opt/capd-src-2f06098/capdDynSys/include/capd/capdlib.h:30:
In file included from /Users/sumit/opt/capd-src-2f06098/capdDynSys/include/capd/poincare/lib.h:27:
/Users/sumit/opt/capd-src-2f06098/capdDynSys/include/capd/poincare/CoordinateSection.h:71:14: warning: 'gradient' overrides a member function but is not marked 'override' [-Winconsistent-missing-override]
   71 |   VectorType gradient(const VectorType&) const{
      |              ^
/Users/sumit/opt/capd-src-2f06098/capdDynSys/include/capd/poincare/AbstractSection.h:70:22: note: overridden virtual function is here
   70 |   virtual VectorType gradient(const VectorType& u) const = 0;        ///< returns gradient of the function computed at vector u
      |                      ^
In file included from /Users/sumit/opt/capd-src-2f06098/capdDynSys/examples/poincare/IPoincareMapExample.cpp:2:
In file included from /Users/sumit/opt/capd-src-2f06098/capdDynSys/include/capd/capdlib.h:30:
In file included from /Users/sumit/opt/capd-src-2f06098/capdDynSys/include/capd/poincare/lib.h:27:
/Users/sumit/opt/capd-src-2f06098/capdDynSys/include/capd/poincare/CoordinateSection.h:74:14: warning: 'gradientByVector' overrides a member function but is not marked 'override' [-Winconsistent-missing-override]
   74 |   ScalarType gradientByVector(const VectorType& /*x*/, const VectorType& u) const {
      |              ^
/Users/sumit/opt/capd-src-2f06098/capdDynSys/include/capd/poincare/AbstractSection.h:71:22: note: overridden virtual function is here
   71 |   virtual ScalarType gradientByVector(const VectorType& x, const VectorType& u) const {
      |                      ^
In file included from /Users/sumit/opt/capd-src-2f06098/capdDynSys/examples/poincare/IPoincareMapExample.cpp:2:
In file included from /Users/sumit/opt/capd-src-2f06098/capdDynSys/include/capd/capdlib.h:30:
In file included from /Users/sumit/opt/capd-src-2f06098/capdDynSys/include/capd/poincare/lib.h:27:
/Users/sumit/opt/capd-src-2f06098/capdDynSys/include/capd/poincare/CoordinateSection.h:78:8: warning: 'isSpecialSection' overrides a member function but is not marked 'override' [-Winconsistent-missing-override]
   78 |   bool isSpecialSection() const {
      |        ^
/Users/sumit/opt/capd-src-2f06098/capdDynSys/include/capd/poincare/AbstractSection.h:80:16: note: overridden virtual function is here
   80 |   virtual bool isSpecialSection() const{
      |                ^
In file included from /Users/sumit/opt/capd-src-2f06098/capdDynSys/examples/poincare/IPoincareMapExample.cpp:2:
In file included from /Users/sumit/opt/capd-src-2f06098/capdDynSys/include/capd/capdlib.h:30:
In file included from /Users/sumit/opt/capd-src-2f06098/capdDynSys/include/capd/poincare/lib.h:27:
/Users/sumit/opt/capd-src-2f06098/capdDynSys/include/capd/poincare/CoordinateSection.h:82:14: warning: 'evalAt' overrides a member function but is not marked 'override' [-Winconsistent-missing-override]
   82 |   ScalarType evalAt(const capd::dynset::AbstractSet<VectorType>& s) const{
      |              ^
/Users/sumit/opt/capd-src-2f06098/capdDynSys/include/capd/poincare/AbstractSection.h:85:22: note: overridden virtual function is here
   85 |   virtual ScalarType evalAt(const Set& set) const = 0;
      |                      ^
In file included from /Users/sumit/opt/capd-src-2f06098/capdDynSys/examples/poincare/DPoincareMapExample.cpp:2:
In file included from /Users/sumit/opt/capd-src-2f06098/capdDynSys/include/capd/capdlib.h:30:
In file included from /Users/sumit/opt/capd-src-2f06098/capdDynSys/include/capd/poincare/lib.h:28:
/Users/sumit/opt/capd-src-2f06098/capdDynSys/include/capd/poincare/NonlinearSection.h:72:14: warning: 'operator()' overrides a member function but is not marked 'override' [-Winconsistent-missing-override]
   72 |   ScalarType operator()(const VectorType& v) const{
      |              ^
/Users/sumit/opt/capd-src-2f06098/capdDynSys/examples/poincare/DPoincareMapExample.cpp:20:21: note: in instantiation of template class 'capd::poincare::NonlinearSection<capd::vectalg::Matrix<double, 0, 0>>' requested here
   20 |   DNonlinearSection section("par:r;var:x,y,z;fun:z-r+1;");
      |                     ^
/Users/sumit/opt/capd-src-2f06098/capdDynSys/include/capd/poincare/AbstractSection.h:69:22: note: overridden virtual function is here
   69 |   virtual ScalarType operator() (const VectorType& v) const = 0;     ///< evaluates function at a given vector
      |                      ^
In file included from /Users/sumit/opt/capd-src-2f06098/capdDynSys/examples/poincare/DPoincareMapExample.cpp:2:
In file included from /Users/sumit/opt/capd-src-2f06098/capdDynSys/include/capd/capdlib.h:30:
In file included from /Users/sumit/opt/capd-src-2f06098/capdDynSys/include/capd/poincare/lib.h:28:
/Users/sumit/opt/capd-src-2f06098/capdDynSys/include/capd/poincare/NonlinearSection.h:76:14: warning: 'gradient' overrides a member function but is not marked 'override' [-Winconsistent-missing-override]
   76 |   VectorType gradient(const VectorType& v) const{
      |              ^
/Users/sumit/opt/capd-src-2f06098/capdDynSys/include/capd/poincare/AbstractSection.h:70:22: note: overridden virtual function is here
   70 |   virtual VectorType gradient(const VectorType& u) const = 0;        ///< returns gradient of the function computed at vector u
      |                      ^
In file included from /Users/sumit/opt/capd-src-2f06098/capdDynSys/examples/poincare/DPoincareMapExample.cpp:2:
In file included from /Users/sumit/opt/capd-src-2f06098/capdDynSys/include/capd/capdlib.h:30:
In file included from /Users/sumit/opt/capd-src-2f06098/capdDynSys/include/capd/poincare/lib.h:28:
/Users/sumit/opt/capd-src-2f06098/capdDynSys/include/capd/poincare/NonlinearSection.h:80:14: warning: 'evalAt' overrides a member function but is not marked 'override' [-Winconsistent-missing-override]
   80 |   ScalarType evalAt(const capd::dynset::AbstractSet<VectorType>& s) const{
      |              ^
/Users/sumit/opt/capd-src-2f06098/capdDynSys/include/capd/poincare/AbstractSection.h:85:22: note: overridden virtual function is here
   85 |   virtual ScalarType evalAt(const Set& set) const = 0;
      |                      ^
3 warnings generated.
[ 96%] Linking CXX executable DPoincareMapExample
[ 96%] Built target DPoincareMapExample
[ 96%] Building CXX object capdDynSys/examples/RosslerChaoticDynamics/CMakeFiles/RosslerChaoticDynamics.dir/RosslerChaoticDynamics.cpp.o
5 warnings generated.
[ 96%] Linking CXX executable IPoincareMapExample
[ 96%] Built target IPoincareMapExample
[ 96%] Building CXX object capdDynSys/examples/RosslerPeriodicOrbit/CMakeFiles/RosslerPeriodicOrbit.dir/RosslerPeriodicOrbit.cpp.o
In file included from /Users/sumit/opt/capd-src-2f06098/capdDynSys/examples/RosslerChaoticDynamics/RosslerChaoticDynamics.cpp:2:
In file included from /Users/sumit/opt/capd-src-2f06098/capdDynSys/include/capd/capdlib.h:30:
In file included from /Users/sumit/opt/capd-src-2f06098/capdDynSys/include/capd/poincare/lib.h:27:
/Users/sumit/opt/capd-src-2f06098/capdDynSys/include/capd/poincare/CoordinateSection.h:51:14: warning: 'operator()' overrides a member function but is not marked 'override' [-Winconsistent-missing-override]
   51 |   ScalarType operator()(const VectorType& v) const{
      |              ^
/Users/sumit/opt/capd-src-2f06098/capdDynSys/examples/RosslerChaoticDynamics/RosslerChaoticDynamics.cpp:77:24: note: in instantiation of template class 'capd::poincare::CoordinateSection<capd::vectalg::Matrix<capd::intervals::Interval<double, capd::rounding::DoubleRounding>, 0, 0>>' requested here
   77 |     ICoordinateSection section(3, 0);
      |                        ^
/Users/sumit/opt/capd-src-2f06098/capdDynSys/include/capd/poincare/AbstractSection.h:69:22: note: overridden virtual function is here
   69 |   virtual ScalarType operator() (const VectorType& v) const = 0;     ///< evaluates function at a given vector
      |                      ^
In file included from /Users/sumit/opt/capd-src-2f06098/capdDynSys/examples/RosslerChaoticDynamics/RosslerChaoticDynamics.cpp:2:
In file included from /Users/sumit/opt/capd-src-2f06098/capdDynSys/include/capd/capdlib.h:30:
In file included from /Users/sumit/opt/capd-src-2f06098/capdDynSys/include/capd/poincare/lib.h:27:
/Users/sumit/opt/capd-src-2f06098/capdDynSys/include/capd/poincare/CoordinateSection.h:71:14: warning: 'gradient' overrides a member function but is not marked 'override' [-Winconsistent-missing-override]
   71 |   VectorType gradient(const VectorType&) const{
      |              ^
/Users/sumit/opt/capd-src-2f06098/capdDynSys/include/capd/poincare/AbstractSection.h:70:22: note: overridden virtual function is here
   70 |   virtual VectorType gradient(const VectorType& u) const = 0;        ///< returns gradient of the function computed at vector u
      |                      ^
In file included from /Users/sumit/opt/capd-src-2f06098/capdDynSys/examples/RosslerChaoticDynamics/RosslerChaoticDynamics.cpp:2:
In file included from /Users/sumit/opt/capd-src-2f06098/capdDynSys/include/capd/capdlib.h:30:
In file included from /Users/sumit/opt/capd-src-2f06098/capdDynSys/include/capd/poincare/lib.h:27:
/Users/sumit/opt/capd-src-2f06098/capdDynSys/include/capd/poincare/CoordinateSection.h:74:14: warning: 'gradientByVector' overrides a member function but is not marked 'override' [-Winconsistent-missing-override]
   74 |   ScalarType gradientByVector(const VectorType& /*x*/, const VectorType& u) const {
      |              ^
/Users/sumit/opt/capd-src-2f06098/capdDynSys/include/capd/poincare/AbstractSection.h:71:22: note: overridden virtual function is here
   71 |   virtual ScalarType gradientByVector(const VectorType& x, const VectorType& u) const {
      |                      ^
In file included from /Users/sumit/opt/capd-src-2f06098/capdDynSys/examples/RosslerChaoticDynamics/RosslerChaoticDynamics.cpp:2:
In file included from /Users/sumit/opt/capd-src-2f06098/capdDynSys/include/capd/capdlib.h:30:
In file included from /Users/sumit/opt/capd-src-2f06098/capdDynSys/include/capd/poincare/lib.h:27:
/Users/sumit/opt/capd-src-2f06098/capdDynSys/include/capd/poincare/CoordinateSection.h:78:8: warning: 'isSpecialSection' overrides a member function but is not marked 'override' [-Winconsistent-missing-override]
   78 |   bool isSpecialSection() const {
      |        ^
/Users/sumit/opt/capd-src-2f06098/capdDynSys/include/capd/poincare/AbstractSection.h:80:16: note: overridden virtual function is here
   80 |   virtual bool isSpecialSection() const{
      |                ^
In file included from /Users/sumit/opt/capd-src-2f06098/capdDynSys/examples/RosslerChaoticDynamics/RosslerChaoticDynamics.cpp:2:
In file included from /Users/sumit/opt/capd-src-2f06098/capdDynSys/include/capd/capdlib.h:30:
In file included from /Users/sumit/opt/capd-src-2f06098/capdDynSys/include/capd/poincare/lib.h:27:
/Users/sumit/opt/capd-src-2f06098/capdDynSys/include/capd/poincare/CoordinateSection.h:82:14: warning: 'evalAt' overrides a member function but is not marked 'override' [-Winconsistent-missing-override]
   82 |   ScalarType evalAt(const capd::dynset::AbstractSet<VectorType>& s) const{
      |              ^
/Users/sumit/opt/capd-src-2f06098/capdDynSys/include/capd/poincare/AbstractSection.h:85:22: note: overridden virtual function is here
   85 |   virtual ScalarType evalAt(const Set& set) const = 0;
      |                      ^
In file included from /Users/sumit/opt/capd-src-2f06098/capdDynSys/examples/RosslerPeriodicOrbit/RosslerPeriodicOrbit.cpp:2:
In file included from /Users/sumit/opt/capd-src-2f06098/capdDynSys/include/capd/capdlib.h:30:
In file included from /Users/sumit/opt/capd-src-2f06098/capdDynSys/include/capd/poincare/lib.h:27:
/Users/sumit/opt/capd-src-2f06098/capdDynSys/include/capd/poincare/CoordinateSection.h:51:14: warning: 'operator()' overrides a member function but is not marked 'override' [-Winconsistent-missing-override]
   51 |   ScalarType operator()(const VectorType& v) const{
      |              ^
/Users/sumit/opt/capd-src-2f06098/capdDynSys/examples/RosslerPeriodicOrbit/RosslerPeriodicOrbit.cpp:89:24: note: in instantiation of template class 'capd::poincare::CoordinateSection<capd::vectalg::Matrix<capd::intervals::Interval<double, capd::rounding::DoubleRounding>, 0, 0>>' requested here
   89 |     ICoordinateSection section(3, 0); // the Poincare section is x=0, i.e. index 0 of 3
      |                        ^
/Users/sumit/opt/capd-src-2f06098/capdDynSys/include/capd/poincare/AbstractSection.h:69:22: note: overridden virtual function is here
   69 |   virtual ScalarType operator() (const VectorType& v) const = 0;     ///< evaluates function at a given vector
      |                      ^
In file included from /Users/sumit/opt/capd-src-2f06098/capdDynSys/examples/RosslerPeriodicOrbit/RosslerPeriodicOrbit.cpp:2:
In file included from /Users/sumit/opt/capd-src-2f06098/capdDynSys/include/capd/capdlib.h:30:
In file included from /Users/sumit/opt/capd-src-2f06098/capdDynSys/include/capd/poincare/lib.h:27:
/Users/sumit/opt/capd-src-2f06098/capdDynSys/include/capd/poincare/CoordinateSection.h:71:14: warning: 'gradient' overrides a member function but is not marked 'override' [-Winconsistent-missing-override]
   71 |   VectorType gradient(const VectorType&) const{
      |              ^
/Users/sumit/opt/capd-src-2f06098/capdDynSys/include/capd/poincare/AbstractSection.h:70:22: note: overridden virtual function is here
   70 |   virtual VectorType gradient(const VectorType& u) const = 0;        ///< returns gradient of the function computed at vector u
      |                      ^
In file included from /Users/sumit/opt/capd-src-2f06098/capdDynSys/examples/RosslerPeriodicOrbit/RosslerPeriodicOrbit.cpp:2:
In file included from /Users/sumit/opt/capd-src-2f06098/capdDynSys/include/capd/capdlib.h:30:
In file included from /Users/sumit/opt/capd-src-2f06098/capdDynSys/include/capd/poincare/lib.h:27:
/Users/sumit/opt/capd-src-2f06098/capdDynSys/include/capd/poincare/CoordinateSection.h:74:14: warning: 'gradientByVector' overrides a member function but is not marked 'override' [-Winconsistent-missing-override]
   74 |   ScalarType gradientByVector(const VectorType& /*x*/, const VectorType& u) const {
      |              ^
/Users/sumit/opt/capd-src-2f06098/capdDynSys/include/capd/poincare/AbstractSection.h:71:22: note: overridden virtual function is here
   71 |   virtual ScalarType gradientByVector(const VectorType& x, const VectorType& u) const {
      |                      ^
In file included from /Users/sumit/opt/capd-src-2f06098/capdDynSys/examples/RosslerPeriodicOrbit/RosslerPeriodicOrbit.cpp:2:
In file included from /Users/sumit/opt/capd-src-2f06098/capdDynSys/include/capd/capdlib.h:30:
In file included from /Users/sumit/opt/capd-src-2f06098/capdDynSys/include/capd/poincare/lib.h:27:
/Users/sumit/opt/capd-src-2f06098/capdDynSys/include/capd/poincare/CoordinateSection.h:78:8: warning: 'isSpecialSection' overrides a member function but is not marked 'override' [-Winconsistent-missing-override]
   78 |   bool isSpecialSection() const {
      |        ^
/Users/sumit/opt/capd-src-2f06098/capdDynSys/include/capd/poincare/AbstractSection.h:80:16: note: overridden virtual function is here
   80 |   virtual bool isSpecialSection() const{
      |                ^
In file included from /Users/sumit/opt/capd-src-2f06098/capdDynSys/examples/RosslerPeriodicOrbit/RosslerPeriodicOrbit.cpp:2:
In file included from /Users/sumit/opt/capd-src-2f06098/capdDynSys/include/capd/capdlib.h:30:
In file included from /Users/sumit/opt/capd-src-2f06098/capdDynSys/include/capd/poincare/lib.h:27:
/Users/sumit/opt/capd-src-2f06098/capdDynSys/include/capd/poincare/CoordinateSection.h:82:14: warning: 'evalAt' overrides a member function but is not marked 'override' [-Winconsistent-missing-override]
   82 |   ScalarType evalAt(const capd::dynset::AbstractSet<VectorType>& s) const{
      |              ^
/Users/sumit/opt/capd-src-2f06098/capdDynSys/include/capd/poincare/AbstractSection.h:85:22: note: overridden virtual function is here
   85 |   virtual ScalarType evalAt(const Set& set) const = 0;
      |                      ^
5 warnings generated.
[ 96%] Linking CXX executable RosslerChaoticDynamics
[ 96%] Built target RosslerChaoticDynamics
[ 96%] Building CXX object capdDynSys/examples/multiPrecision/CMakeFiles/mpExample1.dir/mpExample1.cpp.o
In file included from /Users/sumit/opt/capd-src-2f06098/capdDynSys/examples/multiPrecision/mpExample1.cpp:19:
In file included from /Users/sumit/opt/capd-src-2f06098/capdDynSys/include/capd/mpcapdlib.h:30:
In file included from /Users/sumit/opt/capd-src-2f06098/capdAlg/include/capd/multiPrec/mplib.h:23:
In file included from /Users/sumit/opt/capd-src-2f06098/capdAlg/include/capd/multiPrec/MpInt.h:28:
/opt/homebrew/include/gmpxx.h:2163:29: warning: identifier '_mpz' preceded by whitespace in a literal operator declaration is deprecated [-Wdeprecated-literal-operator]
 2163 | inline mpz_class operator"" _mpz(const char* s)
      |                  ~~~~~~~~~~~^~~~
      |                  operator""_mpz
/opt/homebrew/include/gmpxx.h:2168:29: warning: identifier '_mpq' preceded by whitespace in a literal operator declaration is deprecated [-Wdeprecated-literal-operator]
 2168 | inline mpq_class operator"" _mpq(const char* s)
      |                  ~~~~~~~~~~~^~~~
      |                  operator""_mpq
/opt/homebrew/include/gmpxx.h:2175:29: warning: identifier '_mpf' preceded by whitespace in a literal operator declaration is deprecated [-Wdeprecated-literal-operator]
 2175 | inline mpf_class operator"" _mpf(const char* s)
      |                  ~~~~~~~~~~~^~~~
      |                  operator""_mpf
5 warnings generated.
[ 97%] Linking CXX executable RosslerPeriodicOrbit
3 warnings generated.
[ 97%] Linking CXX executable mpExample1
[ 97%] Built target RosslerPeriodicOrbit
[ 97%] Built target mpExample1
[ 97%] Building CXX object capdDynSys/examples/multiPrecision/CMakeFiles/mpExample2.dir/mpExample2.cpp.o
[ 97%] Building CXX object capdDynSys/examples/multiPrecision/CMakeFiles/mpExample3.dir/mpExample3.cpp.o
In file included from /Users/sumit/opt/capd-src-2f06098/capdDynSys/examples/multiPrecision/mpExample3.cpp:19:
In file included from /Users/sumit/opt/capd-src-2f06098/capdDynSys/include/capd/mpcapdlib.h:30:
In file included from /Users/sumit/opt/capd-src-2f06098/capdAlg/include/capd/multiPrec/mplib.h:23:
In file included from /Users/sumit/opt/capd-src-2f06098/capdAlg/include/capd/multiPrec/MpInt.h:28:
/opt/homebrew/include/gmpxx.h:2163:29: warning: identifier '_mpz' preceded by whitespace in a literal operator declaration is deprecated [-Wdeprecated-literal-operator]
 2163 | inline mpz_class operator"" _mpz(const char* s)
      |                  ~~~~~~~~~~~^~~~
      |                  operator""_mpz
/opt/homebrew/include/gmpxx.h:2168:29: warning: identifier '_mpq' preceded by whitespace in a literal operator declaration is deprecated [-Wdeprecated-literal-operator]
 2168 | inline mpq_class operator"" _mpq(const char* s)
      |                  ~~~~~~~~~~~^~~~
      |                  operator""_mpq
/opt/homebrew/include/gmpxx.h:2175:29: warning: identifier '_mpf' preceded by whitespace in a literal operator declaration is deprecated [-Wdeprecated-literal-operator]
 2175 | inline mpf_class operator"" _mpf(const char* s)
      |                  ~~~~~~~~~~~^~~~
      |                  operator""_mpf
In file included from /Users/sumit/opt/capd-src-2f06098/capdDynSys/examples/multiPrecision/mpExample2.cpp:18:
In file included from /Users/sumit/opt/capd-src-2f06098/capdDynSys/include/capd/mpcapdlib.h:30:
In file included from /Users/sumit/opt/capd-src-2f06098/capdAlg/include/capd/multiPrec/mplib.h:23:
In file included from /Users/sumit/opt/capd-src-2f06098/capdAlg/include/capd/multiPrec/MpInt.h:28:
/opt/homebrew/include/gmpxx.h:2163:29: warning: identifier '_mpz' preceded by whitespace in a literal operator declaration is deprecated [-Wdeprecated-literal-operator]
 2163 | inline mpz_class operator"" _mpz(const char* s)
      |                  ~~~~~~~~~~~^~~~
      |                  operator""_mpz
/opt/homebrew/include/gmpxx.h:2168:29: warning: identifier '_mpq' preceded by whitespace in a literal operator declaration is deprecated [-Wdeprecated-literal-operator]
 2168 | inline mpq_class operator"" _mpq(const char* s)
      |                  ~~~~~~~~~~~^~~~
      |                  operator""_mpq
/opt/homebrew/include/gmpxx.h:2175:29: warning: identifier '_mpf' preceded by whitespace in a literal operator declaration is deprecated [-Wdeprecated-literal-operator]
 2175 | inline mpf_class operator"" _mpf(const char* s)
      |                  ~~~~~~~~~~~^~~~
      |                  operator""_mpf
3 warnings generated.
[ 97%] Linking CXX executable mpExample3
3 warnings generated.
[ 98%] Linking CXX executable mpExample2
[ 98%] Built target mpExample3
[ 99%] Building CXX object capdDynSys/examples/multiPrecision/CMakeFiles/mpExample4.dir/mpExample4.cpp.o
[ 99%] Built target mpExample2
[ 99%] Building CXX object capdDynSys/examples/multiPrecision/CMakeFiles/mpExample5.dir/mpExample5.cpp.o
In file included from /Users/sumit/opt/capd-src-2f06098/capdDynSys/examples/multiPrecision/mpExample4.cpp:19:
In file included from /Users/sumit/opt/capd-src-2f06098/capdDynSys/include/capd/mpcapdlib.h:30:
In file included from /Users/sumit/opt/capd-src-2f06098/capdAlg/include/capd/multiPrec/mplib.h:23:
In file included from /Users/sumit/opt/capd-src-2f06098/capdAlg/include/capd/multiPrec/MpInt.h:28:
/opt/homebrew/include/gmpxx.h:2163:29: warning: identifier '_mpz' preceded by whitespace in a literal operator declaration is deprecated [-Wdeprecated-literal-operator]
 2163 | inline mpz_class operator"" _mpz(const char* s)
      |                  ~~~~~~~~~~~^~~~
      |                  operator""_mpz
/opt/homebrew/include/gmpxx.h:2168:29: warning: identifier '_mpq' preceded by whitespace in a literal operator declaration is deprecated [-Wdeprecated-literal-operator]
 2168 | inline mpq_class operator"" _mpq(const char* s)
      |                  ~~~~~~~~~~~^~~~
      |                  operator""_mpq
/opt/homebrew/include/gmpxx.h:2175:29: warning: identifier '_mpf' preceded by whitespace in a literal operator declaration is deprecated [-Wdeprecated-literal-operator]
 2175 | inline mpf_class operator"" _mpf(const char* s)
      |                  ~~~~~~~~~~~^~~~
      |                  operator""_mpf
In file included from /Users/sumit/opt/capd-src-2f06098/capdDynSys/examples/multiPrecision/mpExample5.cpp:18:
In file included from /Users/sumit/opt/capd-src-2f06098/capdDynSys/include/capd/mpcapdlib.h:30:
In file included from /Users/sumit/opt/capd-src-2f06098/capdAlg/include/capd/multiPrec/mplib.h:23:
In file included from /Users/sumit/opt/capd-src-2f06098/capdAlg/include/capd/multiPrec/MpInt.h:28:
/opt/homebrew/include/gmpxx.h:2163:29: warning: identifier '_mpz' preceded by whitespace in a literal operator declaration is deprecated [-Wdeprecated-literal-operator]
 2163 | inline mpz_class operator"" _mpz(const char* s)
      |                  ~~~~~~~~~~~^~~~
      |                  operator""_mpz
/opt/homebrew/include/gmpxx.h:2168:29: warning: identifier '_mpq' preceded by whitespace in a literal operator declaration is deprecated [-Wdeprecated-literal-operator]
 2168 | inline mpq_class operator"" _mpq(const char* s)
      |                  ~~~~~~~~~~~^~~~
      |                  operator""_mpq
/opt/homebrew/include/gmpxx.h:2175:29: warning: identifier '_mpf' preceded by whitespace in a literal operator declaration is deprecated [-Wdeprecated-literal-operator]
 2175 | inline mpf_class operator"" _mpf(const char* s)
      |                  ~~~~~~~~~~~^~~~
      |                  operator""_mpf
3 warnings generated.
[ 99%] Linking CXX executable mpExample4
[ 99%] Built target mpExample4
[100%] Building CXX object capdDynSys/examples/multiPrecision/CMakeFiles/mpExample6.dir/mpExample6.cpp.o
3 warnings generated.
In file included from /Users/sumit/opt/capd-src-2f06098/capdDynSys/examples/multiPrecision/mpExample6.cpp:18:
In file included from /Users/sumit/opt/capd-src-2f06098/capdDynSys/include/capd/mpcapdlib.h:30:
In file included from /Users/sumit/opt/capd-src-2f06098/capdAlg/include/capd/multiPrec/mplib.h:23:
In file included from /Users/sumit/opt/capd-src-2f06098/capdAlg/include/capd/multiPrec/MpInt.h:28:
/opt/homebrew/include/gmpxx.h:2163:29: warning: identifier '_mpz' preceded by whitespace in a literal operator declaration is deprecated [-Wdeprecated-literal-operator]
 2163 | inline mpz_class operator"" _mpz(const char* s)
      |                  ~~~~~~~~~~~^~~~
      |                  operator""_mpz
/opt/homebrew/include/gmpxx.h:2168:29: warning: identifier '_mpq' preceded by whitespace in a literal operator declaration is deprecated [-Wdeprecated-literal-operator]
 2168 | inline mpq_class operator"" _mpq(const char* s)
      |                  ~~~~~~~~~~~^~~~
      |                  operator""_mpq
/opt/homebrew/include/gmpxx.h:2175:29: warning: identifier '_mpf' preceded by whitespace in a literal operator declaration is deprecated [-Wdeprecated-literal-operator]
 2175 | inline mpf_class operator"" _mpf(const char* s)
      |                  ~~~~~~~~~~~^~~~
      |                  operator""_mpf
[100%] Linking CXX executable mpExample5
In file included from /Users/sumit/opt/capd-src-2f06098/capdDynSys/examples/multiPrecision/mpExample6.cpp:17:
In file included from /Users/sumit/opt/capd-src-2f06098/capdDynSys/include/capd/capdlib.h:30:
In file included from /Users/sumit/opt/capd-src-2f06098/capdDynSys/include/capd/poincare/lib.h:28:
/Users/sumit/opt/capd-src-2f06098/capdDynSys/include/capd/poincare/NonlinearSection.h:72:14: warning: 'operator()' overrides a member function but is not marked 'override' [-Winconsistent-missing-override]
   72 |   ScalarType operator()(const VectorType& v) const{
      |              ^
/Users/sumit/opt/capd-src-2f06098/capdDynSys/examples/multiPrecision/mpExample6.cpp:74:25: note: in instantiation of template class 'capd::poincare::NonlinearSection<capd::vectalg::Matrix<capd::intervals::Interval<capd::multiPrec::MpReal, capd::multiPrec::MpReal>, 0, 0>>' requested here
   74 |     MpINonlinearSection section("par:r;var:x,y,z;fun:(x-r);");
      |                         ^
/Users/sumit/opt/capd-src-2f06098/capdDynSys/include/capd/poincare/AbstractSection.h:69:22: note: overridden virtual function is here
   69 |   virtual ScalarType operator() (const VectorType& v) const = 0;     ///< evaluates function at a given vector
      |                      ^
In file included from /Users/sumit/opt/capd-src-2f06098/capdDynSys/examples/multiPrecision/mpExample6.cpp:17:
In file included from /Users/sumit/opt/capd-src-2f06098/capdDynSys/include/capd/capdlib.h:30:
In file included from /Users/sumit/opt/capd-src-2f06098/capdDynSys/include/capd/poincare/lib.h:28:
/Users/sumit/opt/capd-src-2f06098/capdDynSys/include/capd/poincare/NonlinearSection.h:76:14: warning: 'gradient' overrides a member function but is not marked 'override' [-Winconsistent-missing-override]
   76 |   VectorType gradient(const VectorType& v) const{
      |              ^
/Users/sumit/opt/capd-src-2f06098/capdDynSys/include/capd/poincare/AbstractSection.h:70:22: note: overridden virtual function is here
   70 |   virtual VectorType gradient(const VectorType& u) const = 0;        ///< returns gradient of the function computed at vector u
      |                      ^
In file included from /Users/sumit/opt/capd-src-2f06098/capdDynSys/examples/multiPrecision/mpExample6.cpp:17:
In file included from /Users/sumit/opt/capd-src-2f06098/capdDynSys/include/capd/capdlib.h:30:
In file included from /Users/sumit/opt/capd-src-2f06098/capdDynSys/include/capd/poincare/lib.h:28:
/Users/sumit/opt/capd-src-2f06098/capdDynSys/include/capd/poincare/NonlinearSection.h:80:14: warning: 'evalAt' overrides a member function but is not marked 'override' [-Winconsistent-missing-override]
   80 |   ScalarType evalAt(const capd::dynset::AbstractSet<VectorType>& s) const{
      |              ^
/Users/sumit/opt/capd-src-2f06098/capdDynSys/include/capd/poincare/AbstractSection.h:85:22: note: overridden virtual function is here
   85 |   virtual ScalarType evalAt(const Set& set) const = 0;
      |                      ^
[100%] Built target mpExample5
[100%] Building CXX object capdDynSys/examples/multiPrecision/CMakeFiles/multiprecExample.dir/multiprecExample.cpp.o
In file included from /Users/sumit/opt/capd-src-2f06098/capdDynSys/examples/multiPrecision/multiprecExample.cpp:15:
In file included from /Users/sumit/opt/capd-src-2f06098/capdDynSys/include/capd/mpcapdlib.h:30:
In file included from /Users/sumit/opt/capd-src-2f06098/capdAlg/include/capd/multiPrec/mplib.h:23:
In file included from /Users/sumit/opt/capd-src-2f06098/capdAlg/include/capd/multiPrec/MpInt.h:28:
/opt/homebrew/include/gmpxx.h:2163:29: warning: identifier '_mpz' preceded by whitespace in a literal operator declaration is deprecated [-Wdeprecated-literal-operator]
 2163 | inline mpz_class operator"" _mpz(const char* s)
      |                  ~~~~~~~~~~~^~~~
      |                  operator""_mpz
/opt/homebrew/include/gmpxx.h:2168:29: warning: identifier '_mpq' preceded by whitespace in a literal operator declaration is deprecated [-Wdeprecated-literal-operator]
 2168 | inline mpq_class operator"" _mpq(const char* s)
      |                  ~~~~~~~~~~~^~~~
      |                  operator""_mpq
/opt/homebrew/include/gmpxx.h:2175:29: warning: identifier '_mpf' preceded by whitespace in a literal operator declaration is deprecated [-Wdeprecated-literal-operator]
 2175 | inline mpf_class operator"" _mpf(const char* s)
      |                  ~~~~~~~~~~~^~~~
      |                  operator""_mpf
6 warnings generated.
[100%] Linking CXX executable mpExample6
[100%] Built target mpExample6
3 warnings generated.
[100%] Linking CXX executable multiprecExample
[100%] Built target multiprecExample
      130.72 real       236.98 user        19.73 sys
           559742976  maximum resident set size
                   0  average shared memory size
                   0  average unshared data size
                   0  average unshared stack size
             4755517  page reclaims
               62179  page faults
                   0  swaps
                   0  block input operations
                   0  block output operations
                   0  messages sent
                   0  messages received
                1123  signals received
                4621  voluntary context switches
              100780  involuntary context switches
            90575880  instructions retired
            56307735  cycles elapsed
             1867968  peak memory footprint
=== STEP build ok
=== STEP install: make install
[ 36%] Built target capd
[ 37%] Built target CRefTest
[ 37%] Built target functorTest
[ 38%] Built target skipCommentsIstreamTest
[ 39%] Built target argdemo
[ 40%] Built target TexWriterTest
[ 40%] Built target IComplexTests
[ 41%] Built target DComplexTests
[ 42%] Built target intervalTest
[ 43%] Built target intvtst
[ 43%] Built target divtst
[ 44%] Built target floatMatrixAlgorithmsTest
[ 45%] Built target matrixMDTest
[ 46%] Built target vectMDTest
[ 47%] Built target vecttst
[ 47%] Built target vectalgTest
[ 48%] Built target C11vectalgTest
[ 49%] Built target mpsintest
[ 50%] Built target MpIntervalTest
[ 50%] Built target alglibdemo
[ 50%] Built target intervalExample
[ 50%] Built target floatMatrixAlgExample
[ 50%] Built target TexWriterExample
[ 51%] Built target TexWriterExample2
[ 51%] Built target normExample
[ 51%] Built target matrixExample
[ 52%] Built target vectorExample
[ 53%] Built target nonAutTest
[ 54%] Built target BasicCnTaylorTest
[ 55%] Built target diffInclTest
[ 56%] Built target C2CurveMaskTest
[ 57%] Built target C1CurveMaskTest
[ 57%] Built target CnCurveMaskTest
[ 57%] Built target C1MaskTest
[ 58%] Built target CnMaskTest
[ 58%] Built target C2MaskTest
[ 62%] Built target mapTest
[ 63%] Built target Rect2SetTest
[ 63%] Built target CoordReorganization
[ 63%] Built target Pped2SetTest
[ 63%] Built target C0Pped2SetTest
[ 64%] Built target CenteredAffineSetTest
[ 64%] Built target DoubletonSetTest
[ 64%] Built target AffineSetTest
[ 64%] Built target C0RectSetTest
[ 65%] Built target C0PpedSetTest
[ 66%] Built target FactorReorganization
[ 68%] Built target SolverGetStepTest
[ 70%] Built target ReversibleSolverTest
[ 70%] Built target ReversiblePoincareMapTest
[ 71%] Built target CnSolverTest
[ 72%] Built target MapMaskTest
[ 72%] Built target DPoincareMapMaskTest
[ 72%] Built target SingularNaturalPowerTest
[ 73%] Built target cndemo1
[ 73%] Built target cndemo2
[ 74%] Built target cndemo3
[ 75%] Built target coveringRelations2D_a
[ 75%] Built target coveringRelations2D_b
[ 76%] Built target coveringRelations2D_c
[ 76%] Built target diffInclExample
[ 77%] Built target encloseMonodromyMatrixBetweenTimeSteps
[ 78%] Built target encloseTrajectoryBetweenTimeSteps
[ 79%] Built target integrateVariationalEquation
[ 79%] Built target integrate
[ 80%] Built target LorenzPeriodicOrbit
[ 81%] Built target mapExample
[ 81%] Built target jetTransportExample
[ 82%] Built target hessianExample
[ 83%] Built target jetIndexingExample
[ 83%] Built target jetExample
[ 84%] Built target newtonSimple
[ 84%] Built target newtontst
[ 85%] Built target DTimeMapMonodromyMatrixCurveExample
[ 86%] Built target DTimeMapStepControlExample
[ 86%] Built target DTimeMapSolutionCurveExample
[ 87%] Built target DSolverExample
[ 87%] Built target DTimeMapJetExample
[ 87%] Built target DSolverVariationalEquationsExample
[ 88%] Built target DTimeMapVariationalEquationsExample
[ 89%] Built target DTimeMapExample
[ 90%] Built target DTimeMapJetCurveExample
[ 91%] Built target DTimeMapHessianCurveExample
[ 91%] Built target DTimeMapHessianExample
[ 92%] Built target ITimeMapEncloseTrajectoryExample
[ 93%] Built target ITimeMapMonodromyMatrixCurveExample
[ 94%] Built target ITimeMapSolutionCurveExample
[ 94%] Built target ITimeMapExample
[ 94%] Built target ITimeMapVariationalEquationsExample
[ 95%] Built target IPoincareMapDerivativeExample
[ 95%] Built target DPoincareMapDerivativeExample
[ 95%] Built target IPoincareMapExample
[ 96%] Built target DPoincareMapExample
[ 96%] Built target RosslerChaoticDynamics
[ 97%] Built target RosslerPeriodicOrbit
[ 97%] Built target mpExample1
[ 98%] Built target mpExample2
[ 98%] Built target mpExample3
[ 99%] Built target mpExample4
[ 99%] Built target mpExample5
[100%] Built target mpExample6
[100%] Built target multiprecExample
Install the project...
-- Install configuration: ""
-- Installing: /Users/sumit/opt/capd-2f06098-install/lib/libcapd.a
-- Installing: /Users/sumit/opt/capd-2f06098-install/lib/cmake/capd/capd-config.cmake
-- Installing: /Users/sumit/opt/capd-2f06098-install/lib/cmake/capd/capd-config-noconfig.cmake
-- Installing: /Users/sumit/opt/capd-2f06098-install/include/capd/alglib/ap.h
-- Installing: /Users/sumit/opt/capd-2f06098-install/include/capd/alglib/apvt.h
-- Installing: /Users/sumit/opt/capd-2f06098-install/include/capd/alglib/blas.h
-- Installing: /Users/sumit/opt/capd-2f06098-install/include/capd/alglib/hessenberg.h
-- Installing: /Users/sumit/opt/capd-2f06098-install/include/capd/alglib/hsschur.h
-- Installing: /Users/sumit/opt/capd-2f06098-install/include/capd/alglib/lib.h
-- Installing: /Users/sumit/opt/capd-2f06098-install/include/capd/alglib/nsevd.h
-- Installing: /Users/sumit/opt/capd-2f06098-install/include/capd/alglib/reflections.h
-- Installing: /Users/sumit/opt/capd-2f06098-install/include/capd/alglib/rotations.h
-- Installing: /Users/sumit/opt/capd-2f06098-install/include/capd/alglib/stdafx.h
-- Installing: /Users/sumit/opt/capd-2f06098-install/include/capd/fadbad/badiff.h
-- Installing: /Users/sumit/opt/capd-2f06098-install/include/capd/fadbad/differentiate.h
-- Installing: /Users/sumit/opt/capd-2f06098-install/include/capd/fadbad/fadbad.h
-- Installing: /Users/sumit/opt/capd-2f06098-install/include/capd/fadbad/fadiff.h
-- Installing: /Users/sumit/opt/capd-2f06098-install/include/capd/fadbad/tadiff.h
-- Installing: /Users/sumit/opt/capd-2f06098-install/include/capd/auxil/AdvStopwatch.h
-- Installing: /Users/sumit/opt/capd-2f06098-install/include/capd/auxil/ApplicationDesc.h
-- Installing: /Users/sumit/opt/capd-2f06098-install/include/capd/auxil/BuildInfo.h
-- Installing: /Users/sumit/opt/capd-2f06098-install/include/capd/auxil/CAPDConfig.h
-- Installing: /Users/sumit/opt/capd-2f06098-install/include/capd/auxil/CRef.h
-- Installing: /Users/sumit/opt/capd-2f06098-install/include/capd/auxil/ConfigFileReader.h
-- Installing: /Users/sumit/opt/capd-2f06098-install/include/capd/auxil/Counter.h
-- Installing: /Users/sumit/opt/capd-2f06098-install/include/capd/auxil/Dll.h
-- Installing: /Users/sumit/opt/capd-2f06098-install/include/capd/auxil/EmbDimException.h
-- Installing: /Users/sumit/opt/capd-2f06098-install/include/capd/auxil/Functor.h
-- Installing: /Users/sumit/opt/capd-2f06098-install/include/capd/auxil/Logger.h
-- Installing: /Users/sumit/opt/capd-2f06098-install/include/capd/auxil/LoggerConsole.h
-- Installing: /Users/sumit/opt/capd-2f06098-install/include/capd/auxil/OutputStream.h
-- Installing: /Users/sumit/opt/capd-2f06098-install/include/capd/auxil/RemoveConst.h
-- Installing: /Users/sumit/opt/capd-2f06098-install/include/capd/auxil/Stopwatch.h
-- Installing: /Users/sumit/opt/capd-2f06098-install/include/capd/auxil/arg.h
-- Installing: /Users/sumit/opt/capd-2f06098-install/include/capd/auxil/clock.h
-- Installing: /Users/sumit/opt/capd-2f06098-install/include/capd/auxil/commandLineArgs.h
-- Installing: /Users/sumit/opt/capd-2f06098-install/include/capd/auxil/config.h
-- Installing: /Users/sumit/opt/capd-2f06098-install/include/capd/auxil/debuger.h
-- Installing: /Users/sumit/opt/capd-2f06098-install/include/capd/auxil/embeddingDim.h
-- Installing: /Users/sumit/opt/capd-2f06098-install/include/capd/auxil/handleUnexpectedTerminate.h
-- Installing: /Users/sumit/opt/capd-2f06098-install/include/capd/auxil/ignoreUnused.h
-- Installing: /Users/sumit/opt/capd-2f06098-install/include/capd/auxil/logger_deprecated.h
-- Installing: /Users/sumit/opt/capd-2f06098-install/include/capd/auxil/memSize.h
-- Installing: /Users/sumit/opt/capd-2f06098-install/include/capd/auxil/minmax.h
-- Installing: /Users/sumit/opt/capd-2f06098-install/include/capd/auxil/ofstreamcout.h
-- Installing: /Users/sumit/opt/capd-2f06098-install/include/capd/auxil/skipCommentsIstream.h
-- Installing: /Users/sumit/opt/capd-2f06098-install/include/capd/auxil/stringOstream.h
-- Installing: /Users/sumit/opt/capd-2f06098-install/include/capd/auxil/timeused.h
-- Installing: /Users/sumit/opt/capd-2f06098-install/include/capd/settings/archSetting.h
-- Installing: /Users/sumit/opt/capd-2f06098-install/include/capd/settings/compilerSetting.h
-- Installing: /Users/sumit/opt/capd-2f06098-install/include/capd/settings/operatingSystemSetting.h
-- Installing: /Users/sumit/opt/capd-2f06098-install/include/capd/basicalg/TexWriter.h
-- Installing: /Users/sumit/opt/capd-2f06098-install/include/capd/basicalg/TypeTraits.h
-- Installing: /Users/sumit/opt/capd-2f06098-install/include/capd/basicalg/doubleFun.h
-- Installing: /Users/sumit/opt/capd-2f06098-install/include/capd/basicalg/factrial.h
-- Installing: /Users/sumit/opt/capd-2f06098-install/include/capd/basicalg/ieeePrimitive.h
-- Installing: /Users/sumit/opt/capd-2f06098-install/include/capd/basicalg/logtwo.h
-- Installing: /Users/sumit/opt/capd-2f06098-install/include/capd/basicalg/Math.h
-- Installing: /Users/sumit/opt/capd-2f06098-install/include/capd/basicalg/minmax.h
-- Installing: /Users/sumit/opt/capd-2f06098-install/include/capd/basicalg/power.h
-- Installing: /Users/sumit/opt/capd-2f06098-install/include/capd/basicalg/powerThree.h
-- Installing: /Users/sumit/opt/capd-2f06098-install/include/capd/basicalg/random.h
-- Installing: /Users/sumit/opt/capd-2f06098-install/include/capd/basicalg/statistics.h
-- Installing: /Users/sumit/opt/capd-2f06098-install/include/capd/capdAlglib.h
-- Installing: /Users/sumit/opt/capd-2f06098-install/include/capd/cxsc/Interval.h
-- Installing: /Users/sumit/opt/capd-2f06098-install/include/capd/fields/Complex.h
-- Installing: /Users/sumit/opt/capd-2f06098-install/include/capd/fields/rationalNumber.h
-- Installing: /Users/sumit/opt/capd-2f06098-install/include/capd/fields/lib.h
-- Installing: /Users/sumit/opt/capd-2f06098-install/include/capd/filib/Interval.h
-- Installing: /Users/sumit/opt/capd-2f06098-install/include/capd/intervals/DoubleInterval.h
-- Installing: /Users/sumit/opt/capd-2f06098-install/include/capd/intervals/IComplex.h
-- Installing: /Users/sumit/opt/capd-2f06098-install/include/capd/intervals/intra/interval_atan2.h
-- Installing: /Users/sumit/opt/capd-2f06098-install/include/capd/intervals/Interval.h
-- Installing: /Users/sumit/opt/capd-2f06098-install/include/capd/intervals/Interval.hpp
-- Installing: /Users/sumit/opt/capd-2f06098-install/include/capd/intervals/IntervalError.h
-- Installing: /Users/sumit/opt/capd-2f06098-install/include/capd/intervals/IntervalOld.h
-- Installing: /Users/sumit/opt/capd-2f06098-install/include/capd/intervals/IntervalSettings.h
-- Installing: /Users/sumit/opt/capd-2f06098-install/include/capd/intervals/IntervalTraits.h
-- Installing: /Users/sumit/opt/capd-2f06098-install/include/capd/intervals/Interval_Base.h
-- Installing: /Users/sumit/opt/capd-2f06098-install/include/capd/intervals/Interval_Deprecated.h
-- Installing: /Users/sumit/opt/capd-2f06098-install/include/capd/intervals/Interval_Friend.h
-- Installing: /Users/sumit/opt/capd-2f06098-install/include/capd/intervals/Interval_FriendInternal.h
-- Installing: /Users/sumit/opt/capd-2f06098-install/include/capd/intervals/Interval_Fun.hpp
-- Installing: /Users/sumit/opt/capd-2f06098-install/include/capd/intervals/Interval_Op.hpp
-- Installing: /Users/sumit/opt/capd-2f06098-install/include/capd/intervals/LongDoubleInterval.h
-- Installing: /Users/sumit/opt/capd-2f06098-install/include/capd/intervals/MpInterval.h
-- Installing: /Users/sumit/opt/capd-2f06098-install/include/capd/intervals/MpIntervalSettings.h
-- Installing: /Users/sumit/opt/capd-2f06098-install/include/capd/intervals/MpInterval_Fun.hpp
-- Installing: /Users/sumit/opt/capd-2f06098-install/include/capd/intervals/lib.h
-- Installing: /Users/sumit/opt/capd-2f06098-install/include/capd/intervals/minmax_interval.h
-- Installing: /Users/sumit/opt/capd-2f06098-install/include/capd/intervals/mplib.h
-- Installing: /Users/sumit/opt/capd-2f06098-install/include/capd/matrixAlgorithms/CAPDIntMatrixAlgorithms.h
-- Installing: /Users/sumit/opt/capd-2f06098-install/include/capd/matrixAlgorithms/CAPDSmithForm.h
-- Installing: /Users/sumit/opt/capd-2f06098-install/include/capd/matrixAlgorithms/IntMatrixAlgorithmsFactory.h
-- Installing: /Users/sumit/opt/capd-2f06098-install/include/capd/matrixAlgorithms/Invert.h
-- Installing: /Users/sumit/opt/capd-2f06098-install/include/capd/matrixAlgorithms/MatrixOp.h
-- Installing: /Users/sumit/opt/capd-2f06098-install/include/capd/matrixAlgorithms/PARIIntMatrixAlgorithms.h
-- Installing: /Users/sumit/opt/capd-2f06098-install/include/capd/matrixAlgorithms/PARIInterface.h
-- Installing: /Users/sumit/opt/capd-2f06098-install/include/capd/matrixAlgorithms/PARISmithForm.h
-- Installing: /Users/sumit/opt/capd-2f06098-install/include/capd/matrixAlgorithms/QuotientBaseMatrix.h
-- Installing: /Users/sumit/opt/capd-2f06098-install/include/capd/matrixAlgorithms/SmithForm.h
-- Installing: /Users/sumit/opt/capd-2f06098-install/include/capd/matrixAlgorithms/SmithFormFactory.h
-- Installing: /Users/sumit/opt/capd-2f06098-install/include/capd/matrixAlgorithms/SolveLinearEquation.h
-- Installing: /Users/sumit/opt/capd-2f06098-install/include/capd/matrixAlgorithms/capd2alglib.h
-- Installing: /Users/sumit/opt/capd-2f06098-install/include/capd/matrixAlgorithms/floatMatrixAlgorithms.h
-- Installing: /Users/sumit/opt/capd-2f06098-install/include/capd/matrixAlgorithms/floatMatrixAlgorithms.hpp
-- Installing: /Users/sumit/opt/capd-2f06098-install/include/capd/matrixAlgorithms/intMatrixAlgorithms.hpp
-- Installing: /Users/sumit/opt/capd-2f06098-install/include/capd/matrixAlgorithms/lib.h
-- Installing: /Users/sumit/opt/capd-2f06098-install/include/capd/matrixAlgorithms/matrixAlgorithmsLib.h
-- Installing: /Users/sumit/opt/capd-2f06098-install/include/capd/multiPrec/MpInt.h
-- Installing: /Users/sumit/opt/capd-2f06098-install/include/capd/multiPrec/MpReal.h
-- Installing: /Users/sumit/opt/capd-2f06098-install/include/capd/multiPrec/MpReal_Base.hpp
-- Installing: /Users/sumit/opt/capd-2f06098-install/include/capd/multiPrec/MpReal_FriendInternal.hpp
-- Installing: /Users/sumit/opt/capd-2f06098-install/include/capd/multiPrec/MpReal_Fun.hpp
-- Installing: /Users/sumit/opt/capd-2f06098-install/include/capd/multiPrec/MpReal_Op.hpp
-- Installing: /Users/sumit/opt/capd-2f06098-install/include/capd/multiPrec/mplib.h
-- Installing: /Users/sumit/opt/capd-2f06098-install/include/capd/rings/Z2.h
-- Installing: /Users/sumit/opt/capd-2f06098-install/include/capd/rings/Zp.h
-- Installing: /Users/sumit/opt/capd-2f06098-install/include/capd/rounding/DoubleRounding.h
-- Installing: /Users/sumit/opt/capd-2f06098-install/include/capd/rounding/IntRounding.h
-- Installing: /Users/sumit/opt/capd-2f06098-install/include/capd/rounding/RoundingTraits.h
-- Installing: /Users/sumit/opt/capd-2f06098-install/include/capd/vectalg/ColumnVector.h
-- Installing: /Users/sumit/opt/capd-2f06098-install/include/capd/vectalg/ColumnVector.hpp
-- Installing: /Users/sumit/opt/capd-2f06098-install/include/capd/vectalg/Container.h
-- Installing: /Users/sumit/opt/capd-2f06098-install/include/capd/vectalg/Container.hpp
-- Installing: /Users/sumit/opt/capd-2f06098-install/include/capd/vectalg/Dimension.h
-- Installing: /Users/sumit/opt/capd-2f06098-install/include/capd/vectalg/EmptyIntersectionException.h
-- Installing: /Users/sumit/opt/capd-2f06098-install/include/capd/vectalg/Matrix.h
-- Installing: /Users/sumit/opt/capd-2f06098-install/include/capd/vectalg/Matrix.hpp
-- Installing: /Users/sumit/opt/capd-2f06098-install/include/capd/vectalg/MatrixContainer.h
-- Installing: /Users/sumit/opt/capd-2f06098-install/include/capd/vectalg/MatrixIterator.h
-- Installing: /Users/sumit/opt/capd-2f06098-install/include/capd/vectalg/MatrixSlice.h
-- Installing: /Users/sumit/opt/capd-2f06098-install/include/capd/vectalg/Matrix_Interval.hpp
-- Installing: /Users/sumit/opt/capd-2f06098-install/include/capd/vectalg/Matrix_inline.h
-- Installing: /Users/sumit/opt/capd-2f06098-install/include/capd/vectalg/Multiindex.h
-- Installing: /Users/sumit/opt/capd-2f06098-install/include/capd/vectalg/Norm.h
-- Installing: /Users/sumit/opt/capd-2f06098-install/include/capd/vectalg/Norm.hpp
-- Installing: /Users/sumit/opt/capd-2f06098-install/include/capd/vectalg/RowVector.h
-- Installing: /Users/sumit/opt/capd-2f06098-install/include/capd/vectalg/RowVector.hpp
-- Installing: /Users/sumit/opt/capd-2f06098-install/include/capd/vectalg/SubVector.h
-- Installing: /Users/sumit/opt/capd-2f06098-install/include/capd/vectalg/SubVector.hpp
-- Installing: /Users/sumit/opt/capd-2f06098-install/include/capd/vectalg/Vector.h
-- Installing: /Users/sumit/opt/capd-2f06098-install/include/capd/vectalg/Vector.hpp
-- Installing: /Users/sumit/opt/capd-2f06098-install/include/capd/vectalg/Vector_Interval.hpp
-- Installing: /Users/sumit/opt/capd-2f06098-install/include/capd/vectalg/Vector_inline.h
-- Installing: /Users/sumit/opt/capd-2f06098-install/include/capd/vectalg/algebraicOperations.h
-- Installing: /Users/sumit/opt/capd-2f06098-install/include/capd/vectalg/algebraicOperations.hpp
-- Installing: /Users/sumit/opt/capd-2f06098-install/include/capd/vectalg/fdlib.h
-- Installing: /Users/sumit/opt/capd-2f06098-install/include/capd/vectalg/iobject.h
-- Installing: /Users/sumit/opt/capd-2f06098-install/include/capd/vectalg/iobject.hpp
-- Installing: /Users/sumit/opt/capd-2f06098-install/include/capd/vectalg/lib.h
-- Installing: /Users/sumit/opt/capd-2f06098-install/include/capd/vectalg/mplib.h
-- Installing: /Users/sumit/opt/capd-2f06098-install/include/capd/vectalg/typedefs.h
-- Installing: /Users/sumit/opt/capd-2f06098-install/include/capd/vectalg/vectalgLib.h
-- Installing: /Users/sumit/opt/capd-2f06098-install/include/capd/autodiff/DagIndexer.h
-- Installing: /Users/sumit/opt/capd-2f06098-install/include/capd/autodiff/DagIndexer.hpp
-- Installing: /Users/sumit/opt/capd-2f06098-install/include/capd/autodiff/EvalAcos.h
-- Installing: /Users/sumit/opt/capd-2f06098-install/include/capd/autodiff/EvalAdd.h
-- Installing: /Users/sumit/opt/capd-2f06098-install/include/capd/autodiff/EvalAsin.h
-- Installing: /Users/sumit/opt/capd-2f06098-install/include/capd/autodiff/EvalAtan.h
-- Installing: /Users/sumit/opt/capd-2f06098-install/include/capd/autodiff/EvalDiv.h
-- Installing: /Users/sumit/opt/capd-2f06098-install/include/capd/autodiff/EvalExp.h
-- Installing: /Users/sumit/opt/capd-2f06098-install/include/capd/autodiff/EvalLog.h
-- Installing: /Users/sumit/opt/capd-2f06098-install/include/capd/autodiff/EvalMul.h
-- Installing: /Users/sumit/opt/capd-2f06098-install/include/capd/autodiff/EvalNaturalPow.h
-- Installing: /Users/sumit/opt/capd-2f06098-install/include/capd/autodiff/EvalNegIntPow.h
-- Installing: /Users/sumit/opt/capd-2f06098-install/include/capd/autodiff/EvalHalfIntPow.h
-- Installing: /Users/sumit/opt/capd-2f06098-install/include/capd/autodiff/EvalOneMinusSqr.h
-- Installing: /Users/sumit/opt/capd-2f06098-install/include/capd/autodiff/EvalPow.h
-- Installing: /Users/sumit/opt/capd-2f06098-install/include/capd/autodiff/EvalQuarticPow.h
-- Installing: /Users/sumit/opt/capd-2f06098-install/include/capd/autodiff/EvalSinCos.h
-- Installing: /Users/sumit/opt/capd-2f06098-install/include/capd/autodiff/EvalSqr.h
-- Installing: /Users/sumit/opt/capd-2f06098-install/include/capd/autodiff/EvalSqrt.h
-- Installing: /Users/sumit/opt/capd-2f06098-install/include/capd/autodiff/EvalSub.h
-- Installing: /Users/sumit/opt/capd-2f06098-install/include/capd/autodiff/EvalThirdPow.h
-- Installing: /Users/sumit/opt/capd-2f06098-install/include/capd/autodiff/EvalUnaryMinus.h
-- Installing: /Users/sumit/opt/capd-2f06098-install/include/capd/autodiff/NodeType.h
-- Installing: /Users/sumit/opt/capd-2f06098-install/include/capd/autodiff/eval.hpp
-- Installing: /Users/sumit/opt/capd-2f06098-install/include/capd/capdlib.h
-- Installing: /Users/sumit/opt/capd-2f06098-install/include/capd/covrel/ConesConditions.h
-- Installing: /Users/sumit/opt/capd-2f06098-install/include/capd/covrel/GridSet.h
-- Installing: /Users/sumit/opt/capd-2f06098-install/include/capd/covrel/GridSets.h
-- Installing: /Users/sumit/opt/capd-2f06098-install/include/capd/covrel/HSet.h
-- Installing: /Users/sumit/opt/capd-2f06098-install/include/capd/covrel/HSet2D.h
-- Installing: /Users/sumit/opt/capd-2f06098-install/include/capd/covrel/HSet3D.h
-- Installing: /Users/sumit/opt/capd-2f06098-install/include/capd/covrel/HSetMD.h
-- Installing: /Users/sumit/opt/capd-2f06098-install/include/capd/covrel/HSetMD.hpp
-- Installing: /Users/sumit/opt/capd-2f06098-install/include/capd/covrel/HSetND.h
-- Installing: /Users/sumit/opt/capd-2f06098-install/include/capd/covrel/HSetND.hpp
-- Installing: /Users/sumit/opt/capd-2f06098-install/include/capd/covrel/HSetWithCones.h
-- Installing: /Users/sumit/opt/capd-2f06098-install/include/capd/covrel/QuadraticForm.h
-- Installing: /Users/sumit/opt/capd-2f06098-install/include/capd/covrel/TripleSet.h
-- Installing: /Users/sumit/opt/capd-2f06098-install/include/capd/diffAlgebra/BasicC2Curve.h
-- Installing: /Users/sumit/opt/capd-2f06098-install/include/capd/diffAlgebra/BasicC2Curve.hpp
-- Installing: /Users/sumit/opt/capd-2f06098-install/include/capd/diffAlgebra/BasicCnCurve.h
-- Installing: /Users/sumit/opt/capd-2f06098-install/include/capd/diffAlgebra/BasicCnCurve.hpp
-- Installing: /Users/sumit/opt/capd-2f06098-install/include/capd/diffAlgebra/BasicCurve.h
-- Installing: /Users/sumit/opt/capd-2f06098-install/include/capd/diffAlgebra/BasicCurve.hpp
-- Installing: /Users/sumit/opt/capd-2f06098-install/include/capd/diffAlgebra/C0TimeJet.h
-- Installing: /Users/sumit/opt/capd-2f06098-install/include/capd/diffAlgebra/C1TimeJet.h
-- Installing: /Users/sumit/opt/capd-2f06098-install/include/capd/diffAlgebra/C2Curve.h
-- Installing: /Users/sumit/opt/capd-2f06098-install/include/capd/diffAlgebra/C2Curve.hpp
-- Installing: /Users/sumit/opt/capd-2f06098-install/include/capd/diffAlgebra/C2TimeJet.h
-- Installing: /Users/sumit/opt/capd-2f06098-install/include/capd/diffAlgebra/CnContainer.h
-- Installing: /Users/sumit/opt/capd-2f06098-install/include/capd/diffAlgebra/CnCurve.h
-- Installing: /Users/sumit/opt/capd-2f06098-install/include/capd/diffAlgebra/CnCurve.hpp
-- Installing: /Users/sumit/opt/capd-2f06098-install/include/capd/diffAlgebra/CnTimeJet.h
-- Installing: /Users/sumit/opt/capd-2f06098-install/include/capd/diffAlgebra/CoeffTraits.h
-- Installing: /Users/sumit/opt/capd-2f06098-install/include/capd/diffAlgebra/Curve.h
-- Installing: /Users/sumit/opt/capd-2f06098-install/include/capd/diffAlgebra/Curve.hpp
-- Installing: /Users/sumit/opt/capd-2f06098-install/include/capd/diffAlgebra/CurveInterface.h
-- Installing: /Users/sumit/opt/capd-2f06098-install/include/capd/diffAlgebra/FadCurve.h
-- Installing: /Users/sumit/opt/capd-2f06098-install/include/capd/diffAlgebra/FadCurve.hpp
-- Installing: /Users/sumit/opt/capd-2f06098-install/include/capd/diffAlgebra/Hessian.h
-- Installing: /Users/sumit/opt/capd-2f06098-install/include/capd/diffAlgebra/Hessian.hpp
-- Installing: /Users/sumit/opt/capd-2f06098-install/include/capd/diffAlgebra/HomogenousPolynomial.h
-- Installing: /Users/sumit/opt/capd-2f06098-install/include/capd/diffAlgebra/Jet.h
-- Installing: /Users/sumit/opt/capd-2f06098-install/include/capd/diffAlgebra/Jet.hpp
-- Installing: /Users/sumit/opt/capd-2f06098-install/include/capd/diffAlgebra/ParametricCurve.h
-- Installing: /Users/sumit/opt/capd-2f06098-install/include/capd/diffAlgebra/SolutionCurve.h
-- Installing: /Users/sumit/opt/capd-2f06098-install/include/capd/diffAlgebra/TimeRange.h
-- Installing: /Users/sumit/opt/capd-2f06098-install/include/capd/diffAlgebra/fdlib.h
-- Installing: /Users/sumit/opt/capd-2f06098-install/include/capd/diffAlgebra/lib.h
-- Installing: /Users/sumit/opt/capd-2f06098-install/include/capd/diffAlgebra/mplib.h
-- Installing: /Users/sumit/opt/capd-2f06098-install/include/capd/diffIncl/DiffInclusion.h
-- Installing: /Users/sumit/opt/capd-2f06098-install/include/capd/diffIncl/DiffInclusion.hpp
-- Installing: /Users/sumit/opt/capd-2f06098-install/include/capd/diffIncl/DiffInclusionCW.h
-- Installing: /Users/sumit/opt/capd-2f06098-install/include/capd/diffIncl/DiffInclusionCW.hpp
-- Installing: /Users/sumit/opt/capd-2f06098-install/include/capd/diffIncl/DiffInclusionLN.h
-- Installing: /Users/sumit/opt/capd-2f06098-install/include/capd/diffIncl/DiffInclusionLN.hpp
-- Installing: /Users/sumit/opt/capd-2f06098-install/include/capd/diffIncl/InclRect2Set.h
-- Installing: /Users/sumit/opt/capd-2f06098-install/include/capd/diffIncl/InclRect2Set.hpp
-- Installing: /Users/sumit/opt/capd-2f06098-install/include/capd/diffIncl/MultiMap.h
-- Installing: /Users/sumit/opt/capd-2f06098-install/include/capd/diffIncl/lib.h
-- Installing: /Users/sumit/opt/capd-2f06098-install/include/capd/dynset/AbstractSet.h
-- Installing: /Users/sumit/opt/capd-2f06098-install/include/capd/dynset/AffineCoordinateChange.h
-- Installing: /Users/sumit/opt/capd-2f06098-install/include/capd/dynset/C0AffineSet.h
-- Installing: /Users/sumit/opt/capd-2f06098-install/include/capd/dynset/C0AffineSet.hpp
-- Installing: /Users/sumit/opt/capd-2f06098-install/include/capd/dynset/C0BallSet.h
-- Installing: /Users/sumit/opt/capd-2f06098-install/include/capd/dynset/C0BallSet.hpp
-- Installing: /Users/sumit/opt/capd-2f06098-install/include/capd/dynset/C0DoubletonSet.h
-- Installing: /Users/sumit/opt/capd-2f06098-install/include/capd/dynset/C0DoubletonSet.hpp
-- Installing: /Users/sumit/opt/capd-2f06098-install/include/capd/dynset/C0FlowballSet.h
-- Installing: /Users/sumit/opt/capd-2f06098-install/include/capd/dynset/C0FlowballSet.hpp
-- Installing: /Users/sumit/opt/capd-2f06098-install/include/capd/dynset/C0GraphicalSet.h
-- Installing: /Users/sumit/opt/capd-2f06098-install/include/capd/dynset/C0HODoubletonSet.h
-- Installing: /Users/sumit/opt/capd-2f06098-install/include/capd/dynset/C0HODoubletonSet.hpp
-- Installing: /Users/sumit/opt/capd-2f06098-install/include/capd/dynset/C0HOSet.h
-- Installing: /Users/sumit/opt/capd-2f06098-install/include/capd/dynset/C0HOSet.hpp
-- Installing: /Users/sumit/opt/capd-2f06098-install/include/capd/dynset/C0HOTripletonSet.h
-- Installing: /Users/sumit/opt/capd-2f06098-install/include/capd/dynset/C0HOTripletonSet.hpp
-- Installing: /Users/sumit/opt/capd-2f06098-install/include/capd/dynset/C0Set.h
-- Installing: /Users/sumit/opt/capd-2f06098-install/include/capd/dynset/C0TripletonSet.h
-- Installing: /Users/sumit/opt/capd-2f06098-install/include/capd/dynset/C0TripletonSet.hpp
-- Installing: /Users/sumit/opt/capd-2f06098-install/include/capd/dynset/C11Rect2.h
-- Installing: /Users/sumit/opt/capd-2f06098-install/include/capd/dynset/C11Rect2.hpp
-- Installing: /Users/sumit/opt/capd-2f06098-install/include/capd/dynset/C11Rect2Set.h
-- Installing: /Users/sumit/opt/capd-2f06098-install/include/capd/dynset/C11Rect2Set.hpp
-- Installing: /Users/sumit/opt/capd-2f06098-install/include/capd/dynset/C1AffineSet.h
-- Installing: /Users/sumit/opt/capd-2f06098-install/include/capd/dynset/C1AffineSet.hpp
-- Installing: /Users/sumit/opt/capd-2f06098-install/include/capd/dynset/C1DoubletonSet.h
-- Installing: /Users/sumit/opt/capd-2f06098-install/include/capd/dynset/C1DoubletonSet.hpp
-- Installing: /Users/sumit/opt/capd-2f06098-install/include/capd/dynset/C1GraphicalSet.h
-- Installing: /Users/sumit/opt/capd-2f06098-install/include/capd/dynset/C1HOSet.h
-- Installing: /Users/sumit/opt/capd-2f06098-install/include/capd/dynset/C1HOSet.hpp
-- Installing: /Users/sumit/opt/capd-2f06098-install/include/capd/dynset/C1Set.h
-- Installing: /Users/sumit/opt/capd-2f06098-install/include/capd/dynset/C2DoubletonSet.h
-- Installing: /Users/sumit/opt/capd-2f06098-install/include/capd/dynset/C2DoubletonSet.hpp
-- Installing: /Users/sumit/opt/capd-2f06098-install/include/capd/dynset/C2Set.h
-- Installing: /Users/sumit/opt/capd-2f06098-install/include/capd/dynset/CnDoubletonSet.h
-- Installing: /Users/sumit/opt/capd-2f06098-install/include/capd/dynset/CnDoubletonSet.hpp
-- Installing: /Users/sumit/opt/capd-2f06098-install/include/capd/dynset/CnRect2Set.h
-- Installing: /Users/sumit/opt/capd-2f06098-install/include/capd/dynset/CnRect2Set.hpp
-- Installing: /Users/sumit/opt/capd-2f06098-install/include/capd/dynset/CnSet.h
-- Installing: /Users/sumit/opt/capd-2f06098-install/include/capd/dynset/CoordinateSystem.h
-- Installing: /Users/sumit/opt/capd-2f06098-install/include/capd/dynset/DefaultPolicy.h
-- Installing: /Users/sumit/opt/capd-2f06098-install/include/capd/dynset/DoubletonData.h
-- Installing: /Users/sumit/opt/capd-2f06098-install/include/capd/dynset/EnclosureHolder.h
-- Installing: /Users/sumit/opt/capd-2f06098-install/include/capd/dynset/HOData.h
-- Installing: /Users/sumit/opt/capd-2f06098-install/include/capd/dynset/QRPolicy.h
-- Installing: /Users/sumit/opt/capd-2f06098-install/include/capd/dynset/SetTraits.h
-- Installing: /Users/sumit/opt/capd-2f06098-install/include/capd/dynset/dynsetLib.h
-- Installing: /Users/sumit/opt/capd-2f06098-install/include/capd/dynset/fdlib.h
-- Installing: /Users/sumit/opt/capd-2f06098-install/include/capd/dynset/lib.h
-- Installing: /Users/sumit/opt/capd-2f06098-install/include/capd/dynset/mplib.h
-- Installing: /Users/sumit/opt/capd-2f06098-install/include/capd/dynset/reorganization/CanonicalReorganization.h
-- Installing: /Users/sumit/opt/capd-2f06098-install/include/capd/dynset/reorganization/CoordWiseReorganization.h
-- Installing: /Users/sumit/opt/capd-2f06098-install/include/capd/dynset/reorganization/FactorPolicy.h
-- Installing: /Users/sumit/opt/capd-2f06098-install/include/capd/dynset/reorganization/FactorReorganization.h
-- Installing: /Users/sumit/opt/capd-2f06098-install/include/capd/dynset/reorganization/InvBByCFactorReorganization.h
-- Installing: /Users/sumit/opt/capd-2f06098-install/include/capd/dynset/reorganization/NoReorganization.h
-- Installing: /Users/sumit/opt/capd-2f06098-install/include/capd/dynset/reorganization/QRReorganization.h
-- Installing: /Users/sumit/opt/capd-2f06098-install/include/capd/dynset/reorganization/SwapReorganization.h
-- Installing: /Users/sumit/opt/capd-2f06098-install/include/capd/dynset/typedefs.h
-- Installing: /Users/sumit/opt/capd-2f06098-install/include/capd/dynsys/approveRemainder.h
-- Installing: /Users/sumit/opt/capd-2f06098-install/include/capd/dynsys/BasicC2OdeSolver.h
-- Installing: /Users/sumit/opt/capd-2f06098-install/include/capd/dynsys/BasicC2OdeSolver.hpp
-- Installing: /Users/sumit/opt/capd-2f06098-install/include/capd/dynsys/BasicCnOdeSolver.h
-- Installing: /Users/sumit/opt/capd-2f06098-install/include/capd/dynsys/BasicCnOdeSolver.hpp
-- Installing: /Users/sumit/opt/capd-2f06098-install/include/capd/dynsys/BasicFadOdeSolver.h
-- Installing: /Users/sumit/opt/capd-2f06098-install/include/capd/dynsys/BasicFadOdeSolver.hpp
-- Installing: /Users/sumit/opt/capd-2f06098-install/include/capd/dynsys/BasicOdeSolver.h
-- Installing: /Users/sumit/opt/capd-2f06098-install/include/capd/dynsys/BasicOdeSolver.hpp
-- Installing: /Users/sumit/opt/capd-2f06098-install/include/capd/dynsys/C1DynSys.h
-- Installing: /Users/sumit/opt/capd-2f06098-install/include/capd/dynsys/C2DynSys.h
-- Installing: /Users/sumit/opt/capd-2f06098-install/include/capd/dynsys/C2OdeSolver.h
-- Installing: /Users/sumit/opt/capd-2f06098-install/include/capd/dynsys/C2OdeSolver.hpp
-- Installing: /Users/sumit/opt/capd-2f06098-install/include/capd/dynsys/CnDynSys.h
-- Installing: /Users/sumit/opt/capd-2f06098-install/include/capd/dynsys/CnOdeSolver.h
-- Installing: /Users/sumit/opt/capd-2f06098-install/include/capd/dynsys/CnOdeSolver.hpp
-- Installing: /Users/sumit/opt/capd-2f06098-install/include/capd/dynsys/CnOdeSolver_phi.hpp
-- Installing: /Users/sumit/opt/capd-2f06098-install/include/capd/dynsys/CnOdeSolver_remainder.hpp
-- Installing: /Users/sumit/opt/capd-2f06098-install/include/capd/dynsys/CnOdeSolver_templateMembers.h
-- Installing: /Users/sumit/opt/capd-2f06098-install/include/capd/dynsys/DiscreteDynSys.h
-- Installing: /Users/sumit/opt/capd-2f06098-install/include/capd/dynsys/DynSys.h
-- Installing: /Users/sumit/opt/capd-2f06098-install/include/capd/dynsys/DynSys.hpp
-- Installing: /Users/sumit/opt/capd-2f06098-install/include/capd/dynsys/DynSysMap.h
-- Installing: /Users/sumit/opt/capd-2f06098-install/include/capd/dynsys/FadMap.h
-- Installing: /Users/sumit/opt/capd-2f06098-install/include/capd/dynsys/FadOdeSolver.h
-- Installing: /Users/sumit/opt/capd-2f06098-install/include/capd/dynsys/FadOdeSolver.hpp
-- Installing: /Users/sumit/opt/capd-2f06098-install/include/capd/dynsys/deprecated/Linear2d.h
-- Installing: /Users/sumit/opt/capd-2f06098-install/include/capd/dynsys/deprecated/Linear3d.h
-- Installing: /Users/sumit/opt/capd-2f06098-install/include/capd/dynsys/Move.h
-- Installing: /Users/sumit/opt/capd-2f06098-install/include/capd/dynsys/deprecated/OdeNumTaylor.h
-- Installing: /Users/sumit/opt/capd-2f06098-install/include/capd/dynsys/deprecated/OdeNumTaylor.hpp
-- Installing: /Users/sumit/opt/capd-2f06098-install/include/capd/dynsys/OdeTraits.h
-- Installing: /Users/sumit/opt/capd-2f06098-install/include/capd/dynsys/OdeSolver.h
-- Installing: /Users/sumit/opt/capd-2f06098-install/include/capd/dynsys/OdeSolver.hpp
-- Installing: /Users/sumit/opt/capd-2f06098-install/include/capd/dynsys/SolverException.h
-- Installing: /Users/sumit/opt/capd-2f06098-install/include/capd/dynsys/StepControl.h
-- Installing: /Users/sumit/opt/capd-2f06098-install/include/capd/dynsys/deprecated/VLin3D.h
-- Installing: /Users/sumit/opt/capd-2f06098-install/include/capd/dynsys/deprecated/dynsysLib.h
-- Installing: /Users/sumit/opt/capd-2f06098-install/include/capd/dynsys/FirstOrderEnclosure.h
-- Installing: /Users/sumit/opt/capd-2f06098-install/include/capd/dynsys/FirstOrderEnclosure.hpp
-- Installing: /Users/sumit/opt/capd-2f06098-install/include/capd/dynsys/HighOrderEnclosure.h
-- Installing: /Users/sumit/opt/capd-2f06098-install/include/capd/dynsys/fdlib.h
-- Installing: /Users/sumit/opt/capd-2f06098-install/include/capd/dynsys/filibfadbad.h
-- Installing: /Users/sumit/opt/capd-2f06098-install/include/capd/dynsys/lib.h
-- Installing: /Users/sumit/opt/capd-2f06098-install/include/capd/dynsys/mplib.h
-- Installing: /Users/sumit/opt/capd-2f06098-install/include/capd/dynsys/typedefs.h
-- Installing: /Users/sumit/opt/capd-2f06098-install/include/capd/fdcapdlib.h
-- Installing: /Users/sumit/opt/capd-2f06098-install/include/capd/geomset/AffineSet.h
-- Installing: /Users/sumit/opt/capd-2f06098-install/include/capd/geomset/AffineSet.hpp
-- Installing: /Users/sumit/opt/capd-2f06098-install/include/capd/geomset/CenteredAffineSet.h
-- Installing: /Users/sumit/opt/capd-2f06098-install/include/capd/geomset/CenteredAffineSet.hpp
-- Installing: /Users/sumit/opt/capd-2f06098-install/include/capd/geomset/CenteredDoubletonSet.h
-- Installing: /Users/sumit/opt/capd-2f06098-install/include/capd/geomset/CenteredDoubletonSet.hpp
-- Installing: /Users/sumit/opt/capd-2f06098-install/include/capd/geomset/CenteredTripletonSet.h
-- Installing: /Users/sumit/opt/capd-2f06098-install/include/capd/geomset/CenteredTripletonSet.hpp
-- Installing: /Users/sumit/opt/capd-2f06098-install/include/capd/geomset/DoubletonSet.h
-- Installing: /Users/sumit/opt/capd-2f06098-install/include/capd/geomset/DoubletonSet.hpp
-- Installing: /Users/sumit/opt/capd-2f06098-install/include/capd/geomset/MatrixAffineSet.h
-- Installing: /Users/sumit/opt/capd-2f06098-install/include/capd/geomset/MatrixAffineSet.hpp
-- Installing: /Users/sumit/opt/capd-2f06098-install/include/capd/geomset/MatrixDoubletonSet.h
-- Installing: /Users/sumit/opt/capd-2f06098-install/include/capd/geomset/MatrixDoubletonSet.hpp
-- Installing: /Users/sumit/opt/capd-2f06098-install/include/capd/geomset/lib.h
-- Installing: /Users/sumit/opt/capd-2f06098-install/include/capd/invset/CubicalMap.h
-- Installing: /Users/sumit/opt/capd-2f06098-install/include/capd/invset/ForbiddenSet.h
-- Installing: /Users/sumit/opt/capd-2f06098-install/include/capd/invset/Graph.h
-- Installing: /Users/sumit/opt/capd-2f06098-install/include/capd/invset/GraphNode.h
-- Installing: /Users/sumit/opt/capd-2f06098-install/include/capd/invset/MapGraph.h
-- Installing: /Users/sumit/opt/capd-2f06098-install/include/capd/invset/Scope.h
-- Installing: /Users/sumit/opt/capd-2f06098-install/include/capd/invset/invariantSets.h
-- Installing: /Users/sumit/opt/capd-2f06098-install/include/capd/map/BasicFunction.h
-- Installing: /Users/sumit/opt/capd-2f06098-install/include/capd/map/BasicFunction.hpp
-- Installing: /Users/sumit/opt/capd-2f06098-install/include/capd/map/CnCoeffSlice.h
-- Installing: /Users/sumit/opt/capd-2f06098-install/include/capd/map/DefaultOrder.h
-- Installing: /Users/sumit/opt/capd-2f06098-install/include/capd/map/Function.h
-- Installing: /Users/sumit/opt/capd-2f06098-install/include/capd/map/Function.hpp
-- Installing: /Users/sumit/opt/capd-2f06098-install/include/capd/map/Map.h
-- Installing: /Users/sumit/opt/capd-2f06098-install/include/capd/map/Map.hpp
-- Installing: /Users/sumit/opt/capd-2f06098-install/include/capd/map/Map_codeTranslation.hpp
-- Installing: /Users/sumit/opt/capd-2f06098-install/include/capd/map/Map_headerTemplate.h
-- Installing: /Users/sumit/opt/capd-2f06098-install/include/capd/map/Parser.h
-- Installing: /Users/sumit/opt/capd-2f06098-install/include/capd/map/fdlib.h
-- Installing: /Users/sumit/opt/capd-2f06098-install/include/capd/map/lib.h
-- Installing: /Users/sumit/opt/capd-2f06098-install/include/capd/map/mapLib.h
-- Installing: /Users/sumit/opt/capd-2f06098-install/include/capd/map/mplib.h
-- Installing: /Users/sumit/opt/capd-2f06098-install/include/capd/mpcapdlib.h
-- Installing: /Users/sumit/opt/capd-2f06098-install/include/capd/newton/Krawczyk.h
-- Installing: /Users/sumit/opt/capd-2f06098-install/include/capd/newton/Krawczyk.hpp
-- Installing: /Users/sumit/opt/capd-2f06098-install/include/capd/newton/Mapping.h
-- Installing: /Users/sumit/opt/capd-2f06098-install/include/capd/newton/Newton.h
-- Installing: /Users/sumit/opt/capd-2f06098-install/include/capd/newton/Newton.hpp
-- Installing: /Users/sumit/opt/capd-2f06098-install/include/capd/newton/NewtonResult.h
-- Installing: /Users/sumit/opt/capd-2f06098-install/include/capd/normalForms/linearSubstitution.hpp
-- Installing: /Users/sumit/opt/capd-2f06098-install/include/capd/normalForms/normalForms.h
-- Installing: /Users/sumit/opt/capd-2f06098-install/include/capd/normalForms/planarMaps.hpp
-- Installing: /Users/sumit/opt/capd-2f06098-install/include/capd/pdes/C0DoubletonSetGeometricTail.h
-- Installing: /Users/sumit/opt/capd-2f06098-install/include/capd/pdes/C0HODoubletonSetGeometricTail.h
-- Installing: /Users/sumit/opt/capd-2f06098-install/include/capd/pdes/C1DoubletonSetGeometricTail.h
-- Installing: /Users/sumit/opt/capd-2f06098-install/include/capd/pdes/DissipativeVectorField.h
-- Installing: /Users/sumit/opt/capd-2f06098-install/include/capd/pdes/GeometricBound.h
-- Installing: /Users/sumit/opt/capd-2f06098-install/include/capd/pdes/OneDimKSSineVectorField.h
-- Installing: /Users/sumit/opt/capd-2f06098-install/include/capd/pdes/PdeAbstractSection.h
-- Installing: /Users/sumit/opt/capd-2f06098-install/include/capd/pdes/PdeAffineSection.h
-- Installing: /Users/sumit/opt/capd-2f06098-install/include/capd/pdes/PdeCoordinateSection.h
-- Installing: /Users/sumit/opt/capd-2f06098-install/include/capd/pdes/PdeCurve.h
-- Installing: /Users/sumit/opt/capd-2f06098-install/include/capd/pdes/PdeSectionDerivativesEnclosure.h
-- Installing: /Users/sumit/opt/capd-2f06098-install/include/capd/pdes/PdeSolver.h
-- Installing: /Users/sumit/opt/capd-2f06098-install/include/capd/pdes/PolyLogBound.h
-- Installing: /Users/sumit/opt/capd-2f06098-install/include/capd/pdes/PolynomialBound.h
-- Installing: /Users/sumit/opt/capd-2f06098-install/include/capd/pdes/PolynomialBound.hpp
-- Installing: /Users/sumit/opt/capd-2f06098-install/include/capd/poincare/AbstractSection.h
-- Installing: /Users/sumit/opt/capd-2f06098-install/include/capd/poincare/AbstractSection.hpp
-- Installing: /Users/sumit/opt/capd-2f06098-install/include/capd/poincare/AffineSection.h
-- Installing: /Users/sumit/opt/capd-2f06098-install/include/capd/poincare/BasicPoincareMap.h
-- Installing: /Users/sumit/opt/capd-2f06098-install/include/capd/poincare/BasicPoincareMap.hpp
-- Installing: /Users/sumit/opt/capd-2f06098-install/include/capd/poincare/BasicPoincareMap_inline.h
-- Installing: /Users/sumit/opt/capd-2f06098-install/include/capd/poincare/BasicPoincareMap_operator.hpp
-- Installing: /Users/sumit/opt/capd-2f06098-install/include/capd/poincare/BasicPoincareMap_template.h
-- Installing: /Users/sumit/opt/capd-2f06098-install/include/capd/poincare/CoordinateSection.h
-- Installing: /Users/sumit/opt/capd-2f06098-install/include/capd/poincare/NonlinearSection.h
-- Installing: /Users/sumit/opt/capd-2f06098-install/include/capd/poincare/PoincareException.h
-- Installing: /Users/sumit/opt/capd-2f06098-install/include/capd/poincare/PoincareMap.h
-- Installing: /Users/sumit/opt/capd-2f06098-install/include/capd/poincare/PoincareMap.hpp
-- Installing: /Users/sumit/opt/capd-2f06098-install/include/capd/poincare/PoincareMap_templateMembers.h
-- Installing: /Users/sumit/opt/capd-2f06098-install/include/capd/poincare/PoincareMap_templateOperator.h
-- Installing: /Users/sumit/opt/capd-2f06098-install/include/capd/poincare/SaveStepControl.h
-- Installing: /Users/sumit/opt/capd-2f06098-install/include/capd/poincare/SectionDerivativesEnclosure.h
-- Installing: /Users/sumit/opt/capd-2f06098-install/include/capd/poincare/TimeMap.h
-- Installing: /Users/sumit/opt/capd-2f06098-install/include/capd/poincare/TimeMap.hpp
-- Installing: /Users/sumit/opt/capd-2f06098-install/include/capd/poincare/TimeMap_inline.h
-- Installing: /Users/sumit/opt/capd-2f06098-install/include/capd/poincare/TimeMap_template.h
-- Installing: /Users/sumit/opt/capd-2f06098-install/include/capd/poincare/fdlib.h
-- Installing: /Users/sumit/opt/capd-2f06098-install/include/capd/poincare/lib.h
-- Installing: /Users/sumit/opt/capd-2f06098-install/include/capd/poincare/mplib.h
-- Installing: /Users/sumit/opt/capd-2f06098-install/include/capd/poincare/poincareLib.h
-- Installing: /Users/sumit/opt/capd-2f06098-install/include/capd/poincare/typedefs.h
-- Installing: /Users/sumit/opt/capd-2f06098-install/include/capd/threading/SolverFactory.h
-- Installing: /Users/sumit/opt/capd-2f06098-install/include/capd/threading/SolverPool.h
-- Installing: /Users/sumit/opt/capd-2f06098-install/include/capd/threading/ThreadPool.h
-- Installing: /Users/sumit/opt/capd-2f06098-install/bin/capd-config
-- Installing: /Users/sumit/opt/capd-2f06098-install/lib/pkgconfig/capd.pc
=== STEP install ok
=== STEP ctest (all results logged; failures do not stop the script, they are the report)
ctest rc=8
/Users/sumit/opt/capd-src-2f06098/capdDynSys/tests/SingularNaturalPowerTest/SingularNaturalPowerTest.cpp:14: [1;31;49merror: in "TestSuite/xCnTest": absolute value of *b-*r{-1.4551915228366852e-11} exceeds 1e-13[0;39;49m
/Users/sumit/opt/capd-src-2f06098/capdDynSys/tests/SingularNaturalPowerTest/SingularNaturalPowerTest.cpp:14: [1;31;49merror: in "TestSuite/xCnTest": absolute value of *b-*r{-1.4551915228366852e-11} exceeds 1e-13[0;39;49m
/Users/sumit/opt/capd-src-2f06098/capdDynSys/tests/SingularNaturalPowerTest/SingularNaturalPowerTest.cpp:14: [1;31;49merror: in "TestSuite/xCnTest": absolute value of *b-*r{3.637978807091713e-12} exceeds 1e-13[0;39;49m
/Users/sumit/opt/capd-src-2f06098/capdDynSys/tests/SingularNaturalPowerTest/SingularNaturalPowerTest.cpp:14: [1;31;49merror: in "TestSuite/xCnTest": absolute value of *b-*r{-1.7053025658242404e-13} exceeds 1e-13[0;39;49m
/Users/sumit/opt/capd-src-2f06098/capdDynSys/tests/SingularNaturalPowerTest/SingularNaturalPowerTest.cpp:14: [1;31;49merror: in "TestSuite/xCnTest": absolute value of *b-*r{-1.1368683772161603e-13} exceeds 1e-13[0;39;49m
/Users/sumit/opt/capd-src-2f06098/capdDynSys/tests/SingularNaturalPowerTest/SingularNaturalPowerTest.cpp:14: [1;31;49merror: in "TestSuite/xCnTest": absolute value of *b-*r{1.7053025658242404e-13} exceeds 1e-13[0;39;49m
/Users/sumit/opt/capd-src-2f06098/capdDynSys/tests/SingularNaturalPowerTest/SingularNaturalPowerTest.cpp:14: [1;31;49merror: in "TestSuite/xCnTest": absolute value of *b-*r{2.2737367544323206e-13} exceeds 1e-13[0;39;49m
/Users/sumit/opt/capd-src-2f06098/capdDynSys/tests/SingularNaturalPowerTest/SingularNaturalPowerTest.cpp:14: [1;31;49merror: in "TestSuite/xCnTest": absolute value of *b-*r{-1.1368683772161603e-13} exceeds 1e-13[0;39;49m
/Users/sumit/opt/capd-src-2f06098/capdDynSys/tests/SingularNaturalPowerTest/SingularNaturalPowerTest.cpp:14: [1;31;49merror: in "TestSuite/xCnTest": absolute value of *b-*r{-1.1368683772161603e-13} exceeds 1e-13[0;39;49m
/Users/sumit/opt/capd-src-2f06098/capdDynSys/tests/SingularNaturalPowerTest/SingularNaturalPowerTest.cpp:14: [1;31;49merror: in "TestSuite/xCnTest": absolute value of *b-*r{4.5474735088646412e-13} exceeds 1e-13[0;39;49m
/Users/sumit/opt/capd-src-2f06098/capdDynSys/tests/SingularNaturalPowerTest/SingularNaturalPowerTest.cpp:14: [1;31;49merror: in "TestSuite/xCnTest": absolute value of *b-*r{6.8212102632969618e-13} exceeds 1e-13[0;39;49m
/Users/sumit/opt/capd-src-2f06098/capdDynSys/tests/SingularNaturalPowerTest/SingularNaturalPowerTest.cpp:14: [1;31;49merror: in "TestSuite/xCnTest": absolute value of *b-*r{-2.2737367544323206e-13} exceeds 1e-13[0;39;49m
/Users/sumit/opt/capd-src-2f06098/capdDynSys/tests/SingularNaturalPowerTest/SingularNaturalPowerTest.cpp:14: [1;31;49merror: in "TestSuite/xCnTest": absolute value of *b-*r{-2.2737367544323206e-13} exceeds 1e-13[0;39;49m
/Users/sumit/opt/capd-src-2f06098/capdDynSys/tests/SingularNaturalPowerTest/SingularNaturalPowerTest.cpp:14: [1;31;49merror: in "TestSuite/xCnTest": absolute value of *b-*r{-2.7284841053187847e-12} exceeds 1e-13[0;39;49m
/Users/sumit/opt/capd-src-2f06098/capdDynSys/tests/SingularNaturalPowerTest/SingularNaturalPowerTest.cpp:14: [1;31;49merror: in "TestSuite/xCnTest": absolute value of *b-*r{1.3642420526593924e-12} exceeds 1e-13[0;39;49m
/Users/sumit/opt/capd-src-2f06098/capdDynSys/tests/SingularNaturalPowerTest/SingularNaturalPowerTest.cpp:14: [1;31;49merror: in "TestSuite/xCnTest": absolute value of *b-*r{3.637978807091713e-12} exceeds 1e-13[0;39;49m
/Users/sumit/opt/capd-src-2f06098/capdDynSys/tests/SingularNaturalPowerTest/SingularNaturalPowerTest.cpp:14: [1;31;49merror: in "TestSuite/xCnTest": absolute value of *b-*r{-9.0949470177292824e-13} exceeds 1e-13[0;39;49m
/Users/sumit/opt/capd-src-2f06098/capdDynSys/tests/SingularNaturalPowerTest/SingularNaturalPowerTest.cpp:14: [1;31;49merror: in "TestSuite/xCnTest": absolute value of *b-*r{-2.2737367544323206e-13} exceeds 1e-13[0;39;49m
/Users/sumit/opt/capd-src-2f06098/capdDynSys/tests/SingularNaturalPowerTest/SingularNaturalPowerTest.cpp:14: [1;31;49merror: in "TestSuite/xCnTest": absolute value of *b-*r{-1.8189894035458565e-12} exceeds 1e-13[0;39;49m
/Users/sumit/opt/capd-src-2f06098/capdDynSys/tests/SingularNaturalPowerTest/SingularNaturalPowerTest.cpp:14: [1;31;49merror: in "TestSuite/xCnTest": absolute value of *b-*r{-9.0949470177292824e-13} exceeds 1e-13[0;39;49m
/Users/sumit/opt/capd-src-2f06098/capdDynSys/tests/SingularNaturalPowerTest/SingularNaturalPowerTest.cpp:14: [1;31;49merror: in "TestSuite/xCnTest": absolute value of *b-*r{3.637978807091713e-12} exceeds 1e-13[0;39;49m
/Users/sumit/opt/capd-src-2f06098/capdDynSys/tests/SingularNaturalPowerTest/SingularNaturalPowerTest.cpp:14: [1;31;49merror: in "TestSuite/xCnTest": absolute value of *b-*r{2.7284841053187847e-12} exceeds 1e-13[0;39;49m
/Users/sumit/opt/capd-src-2f06098/capdDynSys/tests/SingularNaturalPowerTest/SingularNaturalPowerTest.cpp:14: [1;31;49merror: in "TestSuite/xCnTest": absolute value of *b-*r{3.637978807091713e-12} exceeds 1e-13[0;39;49m
/Users/sumit/opt/capd-src-2f06098/capdDynSys/tests/SingularNaturalPowerTest/SingularNaturalPowerTest.cpp:14: [1;31;49merror: in "TestSuite/xCnTest": absolute value of *b-*r{1.8189894035458565e-12} exceeds 1e-13[0;39;49m


[1;31;49m*** 305 failures are detected in the test module "SingularNaturalPowTest"
[0;39;49m

44/44 Test #41: CnSolverTest .....................   Passed    9.70 sec

93% tests passed, 3 tests failed out of 44

Total Test time (real) =  29.98 sec

The following tests FAILED:
	  7 - intervalTest (Failed)
	 43 - DPoincareMapMaskTest (Failed)
	 44 - SingularNaturalPowerTest (Failed)
Errors while running CTest
306M	/Users/sumit/opt/capd-src-2f06098/build
 29M	/Users/sumit/opt/capd-2f06098-install
BUILD SCRIPT DONE Sun Oct 11 06:03:59 IST 2026
